StockCode;Description
22154;ANGEL DECORATION 3 BUTTONS 
21014;SWISS CHALET TREE DECORATION 
23233;WRAP POPPIES  DESIGN
84670;JAPANESE CROCHETED ANIMAL
22645;CERAMIC HEART FAIRY CAKE MONEY BANK
20617;FIRST CLASS PASSPORT COVER 
90011D;PURPLE CRYSTAL DROP EARRINGS
20702;PINK PADDED MOBILE
22155;STAR DECORATION RUSTIC
71459;HANGING JAM JAR T-LIGHT HOLDERS
21943;CAKES AND RABBITS DESIGN FLANNEL 
23632;SET 10 CARDS CHEERFUL ROBIN 17065
20694;FLORAL PINK MONSTER
23567;EGG CUP HENRIETTA HEN PINK
21709;FOLDING UMBRELLA CHOCOLATE POLKADOT
22687;DOORMAT CHRISTMAS VILLAGE
23289;DOLLY GIRL CHILDRENS BOWL
90195A;PURPLE GEMSTONE BRACELET
21088;SET/6 FRUIT SALAD PAPER CUPS
37343;POLKADOT MUG PINK 
85018C;S/6 PAPER BOXES CURIOUS IMAGES 
21428;SET3 BOOK BOX GREEN GINGHAM FLOWER 
84876B;GREEN HEART COMPACT MIRROR
21584;RETROSPOT SMALL TUBE MATCHES
23367;SET 12 COLOUR PENCILS SPACEBOY 
23321;SMALL WHITE HEART OF WICKER
85032B;BLOSSOM IMAGES GIFT WRAP SET
21358;TOAST ITS - HAPPY BIRTHDAY
23464;VINTAGE ZINC WATERING CAN SMALL
85227;SET OF 6 3D KIT CARDS FOR KIDS
85055;FRENCH ENAMEL UTENSIL HOLDER
22482;BLUE TEA TOWEL CLASSIC DESIGN
48187;DOORMAT NEW ENGLAND
85187;S/12 MINI RABBIT EASTER
85178;VICTORIAN SEWING KIT
20774;GREEN FERN NOTEBOOK
22927;GREEN GIANT GARDEN THERMOMETER
90198B;VINTAGE ROSE BEAD BRACELET BLACK
23609;SET 10 CARDS SNOWY ROBIN 17099
84968b;SET OF 16 VINTAGE IVORY CUTLERY
90214Z;"LETTER ""Z"" BLING KEY RING"
72586;SET OF 6 HALLOWEEN GHOST T-LIGHTS
84507C;BLUE CIRCLES DESIGN MONKEY DOLL
72802a;ROSE SCENT CANDLE IN JEWELLED BOX
85042;ANTIQUE LILY FAIRY LIGHTS
20772;GARDEN PATH JOURNAL
21880;RED RETROSPOT TAPE
21926;RED/CREAM STRIPE CUSHION COVER 
16162M;THE KING GIFT BAG 25x24x12cm
23162;REGENCY TEA STRAINER
90058B;CRYSTAL STUD EARRINGS ASSORTED COL 
20960;WATERMELON BATH SPONGE
84891B;GREEN WIRE GOBLET CANDLEHOLDER
23452;HEART MINI PORTRAIT FRAME
22730;ALARM CLOCK BAKELIKE IVORY
22834;HAND WARMER BABUSHKA DESIGN
20770;ABSTRACT CIRCLE JOURNAL 
20705;MRS ROBOT SOFT TOY
21162;TOXIC AREA  DOOR HANGER 
22063;CERAMIC BOWL WITH STRAWBERRY DESIGN
84051;ASS COLOUR GLOWING TIARAS
90208;PAIR OF ENAMEL FLOWER CLUSTER SLIDE
90142A;GREEN PENDANT SHELL NECKLACE
22906;12 MESSAGE CARDS WITH ENVELOPES
22246;GARLAND, MAGIC GARDEN 1.8M
21238;RED RETROSPOT CUP
21331;MOROCCAN BEATEN METAL DISH LARGE
22578;WOODEN STAR CHRISTMAS SCANDINAVIAN
72803A;ROSE SCENT CANDLE JEWELLED DRAWER
22965;3 TRADITIONAl BISCUIT CUTTERS  SET
84828;JUNGLE POPSICLES ICE LOLLY MOULDS
20666;ECONOMY HOLIDAY PURSE
85213;MINI  ZINC GARDEN DECORATIONS 
23540;WALL ART , THE MAGIC FOREST 
90051;CRACKED GLAZE NECKLACE RED
23517;EMBROIDERED RIBBON REEL REBECCA 
84581;DOG TOY WITH PINK CROCHET SKIRT
21248;DOOR HANGER  MUM + DADS ROOM
22103;MIRROR MOSAIC T-LIGHT HOLDER ROUND
84993A;75 GREEN PETIT FOUR CASES
46126A;ELVIS WALLHANGING / CURTAIN
90214F;"LETTER ""F"" BLING KEY RING"
84534b;FAIRY CAKE NOTEBOOK A5 SIZE
21905;MORE BUTTER METAL SIGN 
23045;PAPER LANTERN 5 POINT STAR MOON 
22971;QUEENS GUARD COFFEE MUG
20782;CAMOUFLAGE EAR MUFF HEADPHONES
22872;NUMBER TILE COTTAGE GARDEN 4
90010B;BLACK/WHITE GLASS/SILVER BRACELET
22619;SET OF 6 SOLDIER SKITTLES
23432;PRETTY HANGING QUILTED HEARTS
85026B;EAU DE NILE JEWELLED T-LIGHT HOLDER
21163;DO NOT TOUCH MY STUFF DOOR HANGER 
22853;CAT BOWL VINTAGE CREAM
21810;CHRISTMAS HANGING STAR WITH BELL
23211;RED ROCKING HORSE HAND PAINTED
22185;SLATE TILE NATURAL HANGING
20682;RED RETROSPOT CHILDRENS UMBRELLA
84569A;PACK 3 IRON ON DOG PATCHES
22694;WICKER STAR 
21136;PAINTED METAL PEARS ASSORTED
23551;PACK OF 12 PAISLEY PARK TISSUES 
21982;PACK OF 12 SUKI TISSUES 
23411; TRELLIS COAT RACK
90129C;GREEN GLASS TASSLE BAG CHARM
85017A;ENVELOPE 50 ROMANTIC IMAGES
22911;PAPER CHAIN KIT LONDON
22338;STAR DECORATION PAINTED ZINC 
22711;WRAP CIRCUS PARADE
72132;COLUMBIAN CUBE CANDLE
84422;PINK/BLUE DISC/MIRROR STRING
22549;PICTURE DOMINOES
22498;WOODEN REGATTA BUNTING
23697;A PRETTY THANK YOU CARD
90030B;RED KUKUI COCONUT SEED NECKLACE
21320;GLASS CHALICE GREEN  LARGE 
21931;JUMBO STORAGE BAG SUKI
21201;TROPICAL  HONEYCOMB PAPER GARLAND 
79144B;PAINTED LIGHTBULB STAR+ MOON
21715;GIRLS VINTAGE TIN SEASIDE BUCKET
23024;LARGE BONNE JAM JAR  T-LIGHT HOLDER
23576;SNACK TRAY RED VINTAGE DOILY
22569;FELTCRAFT CUSHION BUTTERFLY
85185D;FROG SOCK PUPPET
23212;HEART WREATH DECORATION WITH BELL
22908;PACK OF 20 NAPKINS RED APPLES
21403;BLUE EGG  SPOON
23539;WALL ART LOVES' SECRET 
21377;SMALL CAMPHOR WOOD FIELD  MUSHROOM
72807c;SET/3 VANILLA SCENTED CANDLE IN BOX
90078;PINK/WHITE GLASS DEMI CHOKER
22417;PACK OF 60 SPACEBOY CAKE CASES
21494;ROTATING LEAVES T-LIGHT HOLDER
72741;GRAND CHOCOLATECANDLE
84970L;SINGLE HEART ZINC T-LIGHT HOLDER
21717;EASTER TIN BUCKET
M;Manual
90202C;GREEN ENAMEL FLOWER HAIR TIE
85121C;RETRO LAUNDRY TUB PISTACHIO
22863;SOAP DISH BROCANTE
47578A;ENGLISH ROSE SMALL SCENTED FLOWER
23440;PAINT YOUR OWN EGGS IN CRATE
22157;ANGEL DECORATION WITH LACE PADDED
84931A;PINK SCOTTIE DOG W FLOWER PATTERN
16008;SMALL FOLDING SCISSOR(POINTED EDGE)
90170;DAISY HAIR BAND
90057;DIAMANTE RING ASSORTED IN BOX.
21499;BLUE SPOTS  WRAP
90179B;PURPLE FINE BEAD NECKLACE W TASSEL
35916B;BLUE FELT HANGING HEART W FLOWER
20674;GREEN POLKADOT BOWL
21933;PINK VINTAGE PAISLEY PICNIC BAG
21648;ASSORTED TUTTI FRUTTI SMALL PURSE
21280;VINTAGE KITCHEN PRINT VEGETABLES
79026B;S/4 ICON COASTER,ELVIS LIVES
90124A;PINK MURANO TWIST NECKLACE
22725;ALARM CLOCK BAKELIKE CHOCOLATE
72127;COLUMBIAN CANDLE ROUND 
21129;SILVER FISHING GNOME 
85019A;ROMANTIC IMAGES NOTEBOOK SET
22086;PAPER CHAIN KIT 50'S CHRISTMAS 
82486;3 DRAWER ANTIQUE WHITE WOOD CABINET
20717;STRAWBERRY SHOPPER BAG
23152;IVORY SWEETHEART WIRE LETTER RACK 
22218;CAKE STAND LACE WHITE
23583;LUNCH BAG PAISLEY PARK  
23201;JUMBO BAG ALPHABET
22751;FELTCRAFT PRINCESS OLIVIA DOLL
21643;ASSORTED TUTTI FRUTTI MIRROR
16248B;BLUE HOLE PUNCH
84876D;BLUE HEART COMPACT MIRROR
23012;GLASS APOTHECARY BOTTLE PERFUME
21770;OPEN CLOSED METAL SIGN
21402;RED  EGG  SPOON
22828;REGENCY MIRROR WITH SHUTTERS
22776;SWEETHEART 3 TIER CAKE STAND 
21327;SKULLS WRITING SET 
20780;BLACK EAR MUFF HEADPHONES
16011;ANIMAL STICKERS
84913B;MINT GREEN ROSE TOWEL
90049;IVORY GOLD METAL BAG CHARM
84569C;PACK 4 FLOWER/BUTTERFLY PATCHES
47503A;ASS FLORAL PRINT MULTI SCREWDRIVER
22493;PAINT YOUR OWN CANVAS SET
23523;TREASURE AHOY WALL ART
21370;MIRRORED WALL ART FOXY
21186;WHITE DOVE HONEYCOMB PAPER GARLAND
22362;GLASS JAR PEACOCK BATH SALTS
21158;MOODY GIRL DOOR HANGER 
16045;POPART WOODEN PENCILS ASST
22174;PHOTO CUBE
21557;SET OF 6 FUNKY BEAKERS
84800M;MEDIUM WHITE/PINK ROSE ART FLOWER
22059;CERAMIC STRAWBERRY DESIGN MUG
90103;PURPLE FRANGIPANI NECKLACE
84534B;FAIRY CAKE NOTEBOOK A5 SIZE
84660A;WHITE STITCHED WALL CLOCK
44092C;PURPLE/COPPER HANGING LAMPSHADE
84012;MAGIC SHEEP WOOL GROWING FROM PAPER
22949;36 DOILIES DOLLY GIRL
23284;DOORMAT KEEP CALM AND COME IN
23077;DOUGHNUT LIP GLOSS 
90010E;AMBER GLASS/SILVER BRACELET
22984;CARD, GINGHAM ROSE 
84251C;GREETING CARD, TWO SISTERS.
21169;YOU'RE CONFUSING ME METAL SIGN 
21828;EIGHT PIECE SNAKE  SET
23057;BEADED CHANDELIER T-LIGHT HOLDER
90182C;BLACK 3 BEAD DROP EARRINGS
16259;PIECE OF CAMO STATIONERY SET
20698;LITTLE PINK MONSTER SOFT TOY
22939;APRON APPLE DELIGHT
22197;POPCORN HOLDER
23354;6 GIFT TAGS 50'S CHRISTMAS 
22464;HANGING METAL HEART LANTERN
22380;TOY TIDY SPACEBOY  
84358;FLOOR LAMP SHADE WOOD BASE
84675;FROG KING WATERING CAN
22085;PAPER CHAIN KIT SKULLS 
21884;CAKES AND BOWS GIFT  TAPE
22038;BOTANICAL LAVENDER GIFT WRAP 
21360;JOY LARGE WOOD LETTERS
48173C;DOORMAT BLACK FLOCK 
21159;MOODY BOY  DOOR HANGER 
22656;VINTAGE BLUE KITCHEN CABINET
DCGS0003;BOXED GLASS ASHTRAY
90081B;LILY BROOCH WHITE/SILVER COLOUR
85167B;BLACK GRAND BAROQUE PHOTO FRAME
POST;POSTAGE
22738;RIBBON REEL SNOWY VILLAGE
10135;COLOURING PENCILS BROWN TUBE
22260;FELT EGG COSY BLUE RABBIT 
46776E;WOVEN CANDY CUSHION COVER 
22888;NUMBER TILE VINTAGE FONT 9 
21431;GREEN GINGHAM FLOWER JEWELLERY BOX
22023;EMPIRE BIRTHDAY CARD
22300;COFFEE MUG DOG + BALL DESIGN
20970;PINK FLORAL FELTCRAFT SHOULDER BAG
46000R;POLYESTER FILLER PAD 45x30cm
90214D;"LETTER ""D"" BLING KEY RING"
21350;GINGHAM HEART WREATH
90096;NECKLACE+BRACELET SET BLUE BLOSSOM
21337;SILVER WASHBAG
22897;OVEN MITT APPLES DESIGN
22481;BLACK TEA TOWEL CLASSIC DESIGN
22395;PAPERWEIGHT VINTAGE PAISLEY
22874;NUMBER TILE COTTAGE GARDEN 6
20967;GREY FLORAL FELTCRAFT SHOULDER BAG
22853;CAT BOWL, ENAMEL , CREAM COLOUR
37370;RETRO COFFEE MUGS ASSORTED
17012E;ORIGAMI OPIUM INCENSE/CANDLE SET 
35815P;ACRYLIC JEWEL SNOWFLAKE, PINK
21259;VICTORIAN SEWING BOX SMALL 
22241;GARLAND WOODEN HAPPY EASTER
23370;SET 36 COLOURING PENCILS DOILEY
23530;WALL ART ONLY ONE PERSON 
23298;SPOTTY BUNTING
22639;SET OF 4 NAPKIN CHARMS HEARTS
21988;PACK OF 6 SKULL PAPER PLATES
84247K;FOLK ART GREETING CARD,pack/12
72024U;LILAC VOTIVE CANDLE
85099F;JUMBO BAG STRAWBERRY
21257;VICTORIAN SEWING BOX MEDIUM
20934;SET/3 POT PLANT CANDLES
22393;PAPERWEIGHT VINTAGE COLLAGE
22831;WHITE BROCANTE SOAP DISH
22934;BAKING MOULD EASTER EGG WHITE CHOC
44235;ASSORTED COLOURED CIRCLE MOBILE 
22640;SET OF 4 NAPKIN CHARMS 3 KEYS 
85169D;PINK LOVE BIRD CANDLE
90024F;NEW BAROQUE B'FLY NECKLACE CRYSTAL
90214W;"LETTER ""W"" BLING KEY RING"
21156;RETROSPOT CHILDRENS APRON
23485;BOTANICAL GARDENS WALL CLOCK 
23419;HOME SWEET HOME BOTTLE 
21845;DAIRY MAID STRIPE MUG
21294;ETCHED GLASS COASTER
20827;GOLD APERITIF GLASS
21731;RED TOADSTOOL LED NIGHT LIGHT
21260;FIRST AID TIN
22813;PACK 3 BOXES BIRD PANNETONE 
84926A;WAKE UP COCKEREL TILE COASTER
84915;HAND TOWEL PINK FLOWER AND DAISY
90059D;DIAMANTE HAIR GRIP PACK/2 PERIDOT
85071A;BLUE CHARLIE+LOLA PERSONAL DOORSIGN
21468;BUTTERFLY CROCHET FOOD COVER
23355;HOT WATER BOTTLE KEEP CALM
23096;PETIT TRAY CHIC
23368;SET 12 COLOUR PENCILS DOLLY GIRL 
22626;BLACK KITCHEN SCALES
48116;DOORMAT MULTICOLOUR STRIPE
84406B;CREAM CUPID HEARTS COAT HANGER
21749;LARGE RED RETROSPOT WINDMILL
21207;SKULL AND CROSSBONES  GARLAND 
22985;WRAP, BILLBOARD FONTS DESIGN
79323P;PINK CHERRY LIGHTS
82605;OLD DOC RUSSEL METAL SIGN
22865;HAND WARMER OWL DESIGN
21927;BLUE/CREAM STRIPE CUSHION COVER 
22357;KINGS CHOICE BISCUIT TIN
90199D;5 STRAND GLASS NECKLACE AMBER
84997A;GREEN 3 PIECE POLKADOT CUTLERY SET
90035A;"PEARL & SHELL 42""NECKL. GREEN"
23380;PACK OF 12 DOILEY TISSUES
23309;SET OF 60 I LOVE LONDON CAKE CASES 
84279P;CHERRY BLOSSOM  DECORATIVE FLASK
20754;RETRO RED SPOTTY WASHING UP GLOVES
20652;BLUE POLKADOT LUGGAGE TAG 
23146;TRIPLE HOOK ANTIQUE IVORY ROSE
47591D;PINK FAIRY CAKE CHILDRENS APRON
21349;IVY HEART WREATH
90162A;ANT SILVER TURQUOISE BOUDICCA RING
85049F;BABY BOOM RIBBONS 
90001C;ANTIQUE OPAL WHITE FLOWER EARRINGS
84402B;PURPLE DRESS JEWELLERY STAND
22947;WOODEN ADVENT CALENDAR RED
23324;RUSTIC STRAWBERRY JAMPOT LARGE 
22746;POPPY'S PLAYHOUSE LIVINGROOM 
23472; NINE DRAWER OFFICE TIDY
22533;MAGIC DRAWING SLATE BAKE A CAKE 
21580;RABBIT  DESIGN  COTTON TOTE BAG
21461;BLUE EASTER EGG HUNT START POST
90076;MONTANA DIAMOND CLUSTER EARRINGS
23604;SET 10 MINI SANTA & SNOWMAN  17087
21261;GREEN GOOSE FEATHER CHRISTMAS TREE 
21755;LOVE BUILDING BLOCK WORD
22439;6 ROCKET BALLOONS 
47574A;ENGLISH ROSE SCENTED HANGING FLOWER
35265;COLOURFUL FLOWER FRUIT BOWL
23157;SET OF 6 NATIVITY MAGNETS 
22215;CAKE STAND WHITE TWO TIER LACE
47591d;PINK FAIRY CAKE CHILDRENS APRON
23023;RIDGED BONNE JAM JAR T-LIGHT HOLDER
85136B;BLUE SHARK HELICOPTER
23118;PARISIENNE JEWELLERY DRAWER 
22530;MAGIC DRAWING SLATE DOLLY GIRL 
85032C;CURIOUS IMAGES GIFT WRAP SET
90209A;PURPLE ENAMEL+GLASS HAIR COMB
90100;NECKLACE+BRACELET SET PINK DAISY
37413;ICON MUG REVOLUTIONARY
21032;SPACE CADET WHITE
20901;VINTAGE KEEPSAKE BOX PINK FLOWER
22605;WOODEN CROQUET GARDEN SET
23602;SET 10 CARDS 3 WISE MEN 17107
17164B;ASS COL SMALL SAND GECKO P'WEIGHT
22871;NUMBER TILE COTTAGE GARDEN, 3 
22999;TRAVEL CARD WALLET VINTAGE LEAF
23525;BUFFALO BILL WALL ART 
21319;GLASS CHALICE GREEN  SMALL 
23555;LANDMARK FRAME NOTTING HILL 
90014C;SILVER/BLACK ORBIT NECKLACE
22021;BLUE FELT EASTER EGG BASKET
23522;DOG AND BALL WALL ART
22768;FAMILY PHOTO FRAME CORNICE
22672;FRENCH BATHROOM SIGN BLUE METAL
85232D;SET/3 DECOUPAGE STACKING TINS
22523;CHILDS GARDEN FORK PINK
15044D;RED PAPER PARASOL
84660B;BLACK STITCHED WALL CLOCK
23084;RABBIT NIGHT LIGHT
22960;JAM MAKING SET WITH JARS
90210D;PURPLE ACRYLIC FACETED BANGLE
21425;SKULLS STORAGE BOX LARGE
85132C;CHARLIE AND LOLA FIGURES TINS
22845;CAT FOOD CONTAINER , VINTAGE
23566;EGG CUP MILKMAID HEIDI
21137;BLACK RECORD COVER FRAME
84800L;LARGE WHITE/PINK ROSE ART FLOWER
23569;TRADTIONAL ALPHABET STAMP SET
35598C;WHITE CHRISTMAS TREE 60CM
21025;SPACE FROG
71495A;CD WALL TIDY BLUE OFFICE
22049;WRAP CHRISTMAS SCREEN PRINT
21217;RED SPOTTY ROUND CAKE TINS
85049A;TRADITIONAL CHRISTMAS RIBBONS
85131A;BEADED PEARL HEART WHITE ON STICK
85197;SET OF 12 MINI BUNNIES IN A BUCKET
23447;PINK BUNNY EASTER EGG BASKET
85040A;S/4 PINK FLOWER CANDLES IN BOWL
20755;BLUE PAISLEY POCKET BOOK
22789;T-LIGHT HOLDER SWEETHEART HANGING
84637;KITCHEN FLOWER POTS WALL PLAQUE
23170;REGENCY TEA PLATE ROSES 
21534;DAIRY MAID LARGE MILK JUG
21874;GIN AND TONIC MUG
21132;SILVER STANDING GNOME   
22799;SWEETHEART WIRE FRUIT BOWL
22874;NUMBER TILE COTTAGE GARDEN, 6
90021;LASER CUT MULTI STRAND NECKLACE
90199C;5 STRAND GLASS NECKLACE CRYSTAL
17084R;ASSORTED INCENSE PACK
85129C;BEADED CRYSTAL HEART BLUE SMALL
90081A;LILY BROOCH AMETHYST COLOUR
21839;MUMMY MOUSE RED GINGHAM RIBBON
21035;SET/2 RED SPOTTY TEA TOWELS 
21467;CHERRY CROCHET FOOD COVER
84816;DANISH ROSE BEDSIDE CABINET
23189;SET OF 12 FORK CANDLES
40016;CHINESE DRAGON PAPER LANTERNS
22680;FRENCH BLUE METAL DOOR SIGN, 5
22113;GREY HEART HOT WATER BOTTLE
23492;VINTAGE JINGLE BELLS WREATH
84707A;SILVER JEWELLED MIRROR TRINKET TRAY
10123C;HEARTS WRAPPING TAPE 
21584;RETRO SPOT SMALL TUBE MATCHES
21664;RIDGED GLASS STORAGE JAR CREAM LID
22170;PICTURE FRAME WOOD TRIPLE PORTRAIT
22376;AIRLINE BAG VINTAGE JET SET WHITE
22067;CHOC TRUFFLE GOLD TRINKET POT 
22472;TV DINNER TRAY DOLLY GIRL
23352;ROLL WRAP 50'S RED CHRISTMAS 
23242;TREASURE TIN BUFFALO BILL 
21640;ASSORTED TUTTI FRUTTI  FOB NOTEBOOK
21935;SUKI  SHOULDER BAG
90122A;PINK CRYSTAL+GLASS BRACELET
79157B;UBO-LIGHT TRIOBASE BLUE
85170C;SET/6 EAU DE NIL BIRD T-LIGHTS
21197;MULTICOLOUR  CONFETTI IN TUBE
22877;NUMBER TILE COTTAGE GARDEN 9
62095B;TURQOISE ICE CREAM SUNHAT
21196;ROUND WHITE CONFETTI IN TUBE
72817;SET OF 2 CHRISTMAS DECOUPAGE CANDLE
85099f;JUMBO BAG STRAWBERRY
22028;PENNY FARTHING BIRTHDAY CARD
22266;EASTER DECORATION HANGING BUNNY
84923;PINK BUTTERFLY HANDBAG W BOBBLES
22821;GIFT BAG PSYCHEDELIC APPLES
22802;FAUX FUR CHOCOLATE THROW
20950;SET/6  ANGEL T-LIGHTS WHITE/GOLD
21106;CREAM SLICE FLANNEL CHOCOLATE SPOT 
22688;DOORMAT PEACE ON EARTH BLUE
35400;WOODEN BOX ADVENT CALENDAR 
85130A;BEADED PEARL HEART WHITE LARGE
23518;EMBROIDERED RIBBON REEL RACHEL 
35607A;PINK FLUFFY CHRISTMAS DECORATION
20860;GOLD COSMETICS BAG WITH BUTTERFLY
90123A;PINK HEART OF GLASS BRACELET
21624;VINTAGE UNION JACK DOORSTOP
22183;CAKE STAND VICTORIAN FILIGREE MED
22845;VINTAGE CAT FOOD CONTAINER
90016A;SILVER/M.O.P PENDANT ORBIT NECKLACE
22683;FRENCH BLUE METAL DOOR SIGN, 8
17014A;ORIGAMI VANILLA INCENSE CONES
90212C;PURPLE LAS VEGAS BRACELET ROUND
21066;VINTAGE RED MUG
22953;BIRTHDAY PARTY CORDON BARRIER TAPE
22628;PICNIC BOXES SET OF 3 RETROSPOT 
21508;VINTAGE KID DOLLY CARD 
90052;CRACKED GLAZE NECKLACE BROWN
90014C;SILVER AND BLACK ORBIT NECKLACE
84313B;BLUE TV TRAY TABLE 
21947;SET OF 6 HEART CHOPSTICKS
21641;ASSORTED TUTTI FRUTTI KEYRING BALL
22752;SET 7 BABUSHKA NESTING BOXES
21562;HAWAIIAN GRASS SKIRT 
20769;DAISY JOURNAL 
84660b;BLACK STITCHED WALL CLOCK
23176;ABC TREASURE BOOK BOX 
22082;RIBBON REEL STRIPES DESIGN 
21107;CREAM SLICE FLANNEL PINK SPOT 
17084A;TRANQUILITY MASALA INCENSE
90000B;MIDNIGHT BLUE COPPER FLOWER NECKLAC
22727;ALARM CLOCK BAKELIKE RED 
21080;SET/20 RED RETROSPOT PAPER NAPKINS 
23156;SET OF 5 MINI GROCERY MAGNETS
82582;AREA PATROLLED METAL SIGN
22222;CAKE PLATE LOVEBIRD WHITE
22194;BLACK DINER WALL CLOCK
85170A;SET/6 IVORY BIRD T-LIGHT CANDLES
47566b;TEA TIME PARTY BUNTING
16015;MEDIUM CHINESE STYLE SCISSOR
22744;MAKE YOUR OWN MONSOON CARD KIT
22107;PIZZA PLATE IN BOX
16169M;WRAP DAISY CARPET 
22951;72 CAKE CASES DOLLY GIRL DESIGN
22244;3 HOOK HANGER MAGIC GARDEN
21594;Dr. Jam's Arouzer Stress Ball
90142D;MOP PENDANT SHELL NECKLACE
23328;SET 6 SCHOOL MILK BOTTLES IN CRATE
21907;I'M ON HOLIDAY METAL SIGN
20847;ZINC HEART LATTICE CHARGER LARGE
35241;ENAMEL BLUE RIM BISCUIT BIN
72134;COLUMBIAN  CUBE CANDLE 
23075;PARLOUR CERAMIC WALL HOOK
22567;20 DOLLY PEGS RETROSPOT
85169C;EAU DE NIL LOVE BIRD CANDLE
48173c;DOORMAT BLACK FLOCK 
22146;EASTER CRAFT IVY WREATH WITH CHICK
23393;HOME SWEET HOME CUSHION COVER 
22595;CHRISTMAS GINGHAM HEART
84559a;3D SHEET OF DOG STICKERS
22364;GLASS JAR DIGESTIVE BISCUITS
23263;SET OF 3 WOODEN HEART DECORATIONS
23538;WALL ART VINTAGE HEART
23155;KNICKERBOCKERGLORY MAGNET ASSORTED 
23626;SET 10 CARDS DINKY TREE 17076
22415;WHITE TISSUE REAM
84707B;PINK JEWELLED MIRROR TRINKET TRAY
21541;DINOSAURS WATER TRANSFER TATTOOS 
21332;MOROCCAN BEATEN METAL MIRROR
22196;SMALL HEART MEASURING SPOONS
22311;OFFICE MUG WARMER BLACK+SILVER 
21711;FOLDING UMBRELLA WHITE/RED POLKADOT
23256;CHILDRENS CUTLERY SPACEBOY 
21980;PACK OF 12 RED RETROSPOT TISSUES 
23514;EMBROIDERED RIBBON REEL SALLY 
22937;BAKING MOULD CHOCOLATE CUPCAKES
21706;FOLDING UMBRELLA RED/WHITE POLKADOT
22293;HANGING CHICK GREEN DECORATION
84976;RECTANGULAR SHAPED MIRROR
23568;EGG CUP HENRIETTA HEN CREAM 
21985;PACK OF 12 HEARTS DESIGN TISSUES 
22563;HAPPY STENCIL CRAFT
21213;PACK OF 72 SKULL CAKE CASES
21211;SET OF 72 SKULL PAPER  DOILIES
84997D;PINK 3 PIECE POLKADOT CUTLERY SET
22320;BIRDS MOBILE VINTAGE DESIGN
22919;HERB MARKER MINT
22876;NUMBER TILE COTTAGE GARDEN, 8
35833G;4 GOLD FLOCK CHRISTMAS BALLS
23165;LARGE CERAMIC TOP STORAGE JAR
22695;WICKER WREATH SMALL
84231;EASTER BUNNY WITH BASKET ON BACK
22914;BLUE COAT RACK PARIS FASHION
85047;WHITE BEADED GARLAND STRING 20LIGHT
23543;KEEP CALM WALL ART 
22428;ENAMEL FIRE BUCKET CREAM
21069;VINTAGE BILLBOARD TEA MUG
48189;DOORMAT FRIENDSHIP 
22684;FRENCH BLUE METAL DOOR SIGN, 9
22841;CAKE TIN, ROUND, VINTAGE MINT,IVORY
90114;SUMMER DAISIES BAG CHARM
22297;HEART IVORY TRELLIS SMALL
22284;HEN HOUSE DECORATION
21747;SMALL SKULL WINDMILL
37471;MULTICOLOUR POLKADOT PLATE
22750;FELTCRAFT PRINCESS LOLA DOLL
23322;LARGE WHITE HEART OF WICKER
22295;HEART FILIGREE DOVE LARGE
16225;RATTLE SNAKE EGGS
82613B;METAL SIGN,CUPCAKE SINGLE HOOK
72783;BLACK SIL'T SQU CANDLE PLATE 
23664;FLOWER SHOP DESIGN MUG
23502;PLAYING CARDS VINTAGE DOILEY 
22496;SET OF 2 ROUND TINS DUTCH CHEESE
23286;BLUE VINTAGE SPOT BEAKER
21422;PORCELAIN ROSE SMALL
17012C;ORIGAMI LAVENDER INCENSE/CANDL SET 
90000A;RASPBERRY ANT COPPER FLOWER NECKLAC
22245;HOOK, 1 HANGER ,MAGIC GARDEN
90184c;BLACK CHUNKY BEAD BRACELET W STRAP
20828;GLITTER BUTTERFLY CLIPS
22898;CHILDRENS APRON APPLE DESIGN
21621;VINTAGE UNION JACK BUNTING
23460;SWEETHEART WALL TIDY 
23217;LAUREL HEART ANTIQUE SILVER
22471;TV DINNER TRAY AIR HOSTESS 
84997C;BLUE 3 PIECE MINI DOTS CUTLERY SET
20751;FUNKY WASHING UP GLOVES ASSORTED
23692;WRAP A PRETTY THANK YOU
84803A;PINK ALLIUM  ARTIFICIAL FLOWER
21414;SCALLOP SHELL SOAP DISH
23536;WALL ART VILLAGE SHOW 
22448;PIN CUSHION BABUSHKA RED
21366;MIRRORED WALL ART PHOTO FRAMES
22052;VINTAGE CARAVAN GIFT WRAP
35271S;GOLD PRINT PAPER BAG
21258;VICTORIAN SEWING BOX LARGE
22623;BOX OF VINTAGE JIGSAW BLOCKS 
35924;HANGING FAIRY CAKE DECORATION
21272;SALLE DE BAIN HOOK
22877;NUMBER TILE COTTAGE GARDEN, 9
20676;RED RETROSPOT BOWL
47351B;BLUE  VOILE LAMPSHADE
82580;BATHROOM METAL SIGN
21773;DECORATIVE ROSE BATHROOM BOTTLE
90161A;ANT COPPER RED BOUDICCA BRACELET
21631;HIPPY CHIC DECORATIVE PARASOL
90036D;"FLOWER GLASS GARLAND NECKL.36""BLACK"
47566B;TEA TIME PARTY BUNTING
84951A;SET OF 4 PISTACHIO LOVEBIRD COASTER
82011A;BATHROOM SCALES, TROPICAL BEACH
35810B;ENAMEL BLUE RIM COFFEE CONTAINER
21476;STEEL SWEETHEART ROUND TABLE CREAM
22457;NATURAL SLATE HEART CHALKBOARD 
21623;VINTAGE UNION JACK MEMOBOARD
23129;HEART SHAPED HOLLY WREATH
22912;YELLOW COAT RACK PARIS FASHION
82599;FANNY'S REST STOPMETAL SIGN
85119;WATERING CAN SINGLE HOOK PISTACHIO
90040B;MURANO STYLE GLASS BRACELET BLACK
22734;SET OF 6 RIBBONS VINTAGE CHRISTMAS
20738;GREEN MINI TAPE MEASURE 
84548;CROCHET BEAR RED/BLUE  KEYRING
22568;FELTCRAFT CUSHION OWL
22179;SET 10 NIGHT OWL LIGHTS
90130B;TURQ STONE/CRYSTAL EARRINGS
21473;SWEETHEART CREAM STEEL TABLE RECT
84249A;GREETING CARD,SQUARE, DOUGHNUTS
22083;PAPER CHAIN KIT RETRO SPOT
47567b;TEA TIME KITCHEN APRON
84536B;FAIRY CAKES NOTEBOOK A7 SIZE
21590;KINGS CHOICE CIGAR BOX MATCHES 
84247G;DECOUPAGE,GREETING CARD,
90140;PINK SWEETIE NECKLACE
90128A;PINK LEAVES AND BEADS PHONE CHARM
22728;ALARM CLOCK BAKELIKE PINK
23132;SMALL IVORY HEART WALL ORGANISER
90023;FILIGREE DIAMANTE EARRINGS
20861;GOLD COSMETIC BAG PINK STAR
22785;SQUARECUSHION COVER PINK UNION FLAG
23080;RED METAL BOX TOP SECRET
21925;UNION STRIPE CUSHION COVER 
20768;GREEN FERN JOURNAL 
22522;CHILDS GARDEN FORK BLUE 
17165D;ASS COL LARGE SAND FROG P'WEIGHT
90002D;FLOWER BURST SILVER RING CRYSTAL
22282;12 EGG HOUSE PAINTED WOOD
22060;LARGE CAKE STAND HANGING HEARTS
22844;DOG FOOD CONTAINER , VINTAGE
22723;SET OF 6 HERB TINS SKETCHBOOK
23181;BULL DOG BOTTLE TOP WALL CLOCK
21078;SET/20 STRAWBERRY PAPER NAPKINS 
90036B;"FLOWER GLASS GARLAND NECKL.36""GREEN"
22466;FAIRY TALE COTTAGE NIGHT LIGHT
72800C;4 PINK DINNER CANDLE SILVER FLOCK
23178;JAM CLOCK MAGNET
84872A;TEATIME FUNKY FLOWER BACKPACK FOR 2
22488;NATURAL SLATE RECTANGLE CHALKBOARD
22594;CHRISTMAS GINGHAM TREE
20763;DAISY SKETCHBOOK 
21533;RETRO SPOT LARGE MILK JUG
23439;HAND WARMER RED LOVE HEART
22315;200 RED + WHITE BENDY STRAWS
82613C;METAL SIGN,CUPCAKE SINGLE HOOK
84592;CROCHET ROSE PURSE WITH SUEDE BACK
84596E;SMALL LICORICE DES PINK BOWL
84660c;PINK STITCHED WALL CLOCK
47593b;SCOTTIE DOGS BABY BIB
21055;TOOL BOX SOFT TOY 
22073;RED RETROSPOT STORAGE JAR
22852;DOG BOWL, ENAMEL , CREAM COLOUR
23240;SET OF 4 KNICK KNACK TINS DOILEY 
35911A;MULTICOLOUR RABBIT EGG WARMER
23169;CLASSIC GLASS COOKIE JAR
23423;PANTRY 3 HOOK ROLLING PIN HANGER
85212;MINI PAINTED GARDEN DECORATION 
21112;SWISS ROLL TOWEL PINK  SPOTS
23454;THREE MINI HANGING FRAMES
22346;PARTY PIZZA DISH GREEN POLKADOT
84865;NEW BAROQUE BLACK PHOTO ALBUM
35817P;ACRYLIC JEWEL SNOWFLAKE,PINK
21899;GARAGE KEY FOB
20697;LITTLE GREEN MONSTER SOFT TOY
20794;BLUE  TILE HOOK
23331;DECORATIVE WICKER HEART SMALL
84997b;CHILDRENS CUTLERY RETROSPOT RED 
47343A;FUSCHIA FLOWER PURSE WITH BEADS
23224;CHERUB HEART DECORATION GOLD
22562;MONSTERS STENCIL CRAFT
81952V;ROUND PURPLE CLOCK WITH SUCKER
20659;ECONOMY LUGGAGE TAG
90073;VINTAGE ENAMEL & CRYSTAL EARRINGS
35832;WOOLLY HAT SOCK GLOVE ADVENT STRING
21080;SET/20 RED SPOTTY PAPER NAPKINS 
84754;S/15 SILVER GLASS BAUBLES IN BAG
22026;BANQUET BIRTHDAY  CARD  
85199S;SMALL HANGING IVORY/RED WOOD BIRD
21413;PERIWINKLE T-LIGHT HOLDER
48184;DOORMAT ENGLISH ROSE 
22277;COSMETIC BAG VINTAGE ROSE PAISLEY
22948;METAL DECORATION NAUGHTY CHILDREN 
22705;WRAP GREEN PEARS 
22275;WEEKEND BAG VINTAGE ROSE PAISLEY
22818;CARD CHRISTMAS VILLAGE
22500;SET OF 2 TINS JARDIN DE PROVENCE
90059B;DIAMANTE HAIR GRIP PACK/2 BLACK DIA
90026C;GLASS BEAD HOOP NECKLACE GREEN
21175;GIN + TONIC DIET METAL SIGN
23198;PANTRY MAGNETIC  SHOPPING LIST
21821;GLITTER STAR GARLAND WITH BELLS 
22365;DOORMAT RESPECTABLE HOUSE
23448;CREAM BUNNY EASTER EGG BASKET
21144;PINK POODLE HANGING DECORATION 
23172;REGENCY TEA PLATE PINK
22646;CERAMIC STRAWBERRY CAKE MONEY BANK
23220;REINDEER HEART DECORATION GOLD
47481;50CM METAL STRING WITH  7 CLIPS
23360;SET 8 CANDLES VINTAGE DOILY
23252;VINTAGE RED ENAMEL TRIM JUG 
22132;RED LOVE HEART SHAPE CUP
23125;6PC WOOD PLATE SET DISPOSABLE
72800B; 4 PURPLE FLOCK DINNER CANDLES
22776;SWEETHEART CAKESTAND 3 TIER
22748;POPPY'S PLAYHOUSE KITCHEN
21881;CUTE CATS TAPE
85114A;BLACK ENCHANTED FOREST PLACEMAT
20933;YELLOW POT PLANT CANDLE
82581;TOILET METAL SIGN
90036A;FLOWER GARLAND NECKLACE RED
90024C;NEW BAROQUE B'FLY NECKLACE GREEN
22435;SET OF 9 HEART SHAPED BALLOONS
20986;BLUE CALCULATOR RULER
21457;2 PICTURE BOOK EGGS EASTER DUCKS
90082A;DIAMANTE BOW BROOCH GREEN COLOUR
21792;CLASSIC FRENCH STYLE BASKET GREEN 
22709;WRAP WEDDING DAY
23582;VINTAGE DOILY JUMBO BAG RED 
21126;SET OF 6 GIRLS CELEBRATION CANDLES
46776C;WOVEN FROST CUSHION COVER
22079;RIBBON REEL HEARTS DESIGN 
84997B;RED 3 PIECE RETROSPOT CUTLERY SET
35969;FOLKART CROWN TABLE DECORATIONS
90012A;MIDNIGHT BLUE DROP CRYSTAL NECKLACE
23158;SET OF 5 LUCKY CAT MAGNETS 
23081;GREEN METAL BOX ARMY SUPPLIES
21620;SET OF 4 ROSE BOTANICAL CANDLES
84509C;SET OF 4 POLKADOT PLACEMATS 
37340;MULTICOLOUR SPRING FLOWER MUG
23241;TREASURE TIN GYMKHANA DESIGN
21411;GINGHAM HEART  DOORSTOP RED
22982;PANTRY PASTRY BRUSH
21068;VINTAGE BILLBOARD LOVE/HATE MUG
20963;APPLE BATH SPONGE
16016;LARGE CHINESE STYLE SCISSOR
40046A;RED DAISY PAPER LAMPSHADE
22227;HANGING HEART MIRROR DECORATION 
23193;BUFFALO BILL TREASURE BOOK BOX
21171;BATHROOM METAL SIGN 
72807b;SET/3 OCEAN SCENT CANDLE JEWEL BOX
35951;FOLKART BAUBLE CHRISTMAS DECORATION
47503J;SET/3 FLORAL GARDEN TOOLS IN BAG
22987;WRAP SUMMER ROSE DESIGN
46776e;WOVEN CANDY CUSHION COVER 
21165;BEWARE OF THE CAT METAL SIGN 
82552;WASHROOM METAL SIGN
84378;SET OF 3 HEART COOKIE CUTTERS
90176D;DIAMANTE NECKLACE PURPLE
23613;SET 10 XMAS CARDS & BADGES 17070
22514;CHILDS GARDEN SPADE BLUE
20658;RED RETROSPOT LUGGAGE TAG
23394;POSTE FRANCE CUSHION COVER
90030A;SPOTTED WHITE NATURAL SEED NECKLACE
23209;LUNCH BAG DOILEY PATTERN 
90176E;DIAMANTE NECKLACE GREEN
23374;RED SPOT PAPER GIFT BAG
84030E;ENGLISH ROSE HOT WATER BOTTLE
22383;LUNCH BAG SUKI DESIGN 
22250;DECORATION  BUTTERFLY  MAGIC GARDEN
21547;CERAMIC BIRDHOUSE CRESTED TIT SMALL
37509;NEW ENGLAND MUG W GIFT BOX
21811;HANGING HEART WITH BELL
72799E;IVORY PILLAR CANDLE SILVER FLOCK
22600;CHRISTMAS RETROSPOT STAR WOOD
23465;TUSCAN VILLA BIRD FEEDER
20854;BLUE PATCH PURSE PINK HEART
84593;CROCHET ROSE DES CLOTHES HANGER
84881;BLUE WIRE SPIRAL CANDLE HOLDER
23245;SET OF 3 REGENCY CAKE TINS
20686;DOLLY MIXTURE CHILDREN'S UMBRELLA
90196A;PURPLE GEMSTONE NECKLACE 45CM
22217;T-LIGHT HOLDER HANGING LACE
22466;FAIRY TALE COTTAGE NIGHTLIGHT
35970;ZINC FOLKART SLEIGH BELLS
23544;WALL ART MID CENTURY MODERN 
22252;BIRDCAGE DECORATION TEALIGHT HOLDER
23535;WALL ART BICYCLE SAFTEY 
37475;SET/4 COLOURFUL MIXING BOWLS
22815;CARD PSYCHEDELIC APPLES
72802B;OCEAN SCENT CANDLE IN JEWELLED BOX
90197B;BLACK GLASS BRACELET W HEART CHARMS
90026B;GLASS BEAD HOOP NECKLACE MONTANA
21928;JUMBO BAG SCANDINAVIAN PAISLEY
22083;PAPER CHAIN KIT RETROSPOT
23037;CANDLE HOLDER SILVER MADELINE
22255;FELT TOADSTOOL  SMALL
90195B;BLACK GEMSTONE BRACELET
22926;IVORY GIANT GARDEN THERMOMETER
22576;SWALLOW WOODEN CHRISTMAS DECORATION
35649;VINTAGE BEAD COSMETIC BAG 
84997b;RED 3 PIECE RETROSPOT CUTLERY SET
51014c;FEATHER PEN,COAL BLACK
22487;WHITE WOOD GARDEN PLANT LADDER
85127;SMALL SQUARE CUT GLASS CANDLESTICK
90204;PAIR OF ENAMEL BUTTERFLY HAIRCLIP
16212;FUNKY GIRLZ ASST MAGNETIC MEMO PAD
82551;LAUNDRY 15C METAL SIGN
21758;VINTAGE SHELLS PRINT
21283;NATURAL BARK CANDLE SMALL
23351;ROLL WRAP 50'S CHRISTMAS
21559;STRAWBERRY LUNCH BOX WITH CUTLERY
47590A;BLUE HAPPY BIRTHDAY BUNTING
22029;SPACEBOY BIRTHDAY CARD
22835;HOT WATER BOTTLE I AM SO POORLY
23088;ZINC HEART FLOWER T-LIGHT HOLDER
71050;SMALL SINGLE FLAME CANDLE HOLDER
37424;WHITE WITH BLACK CATS MUG
21946;PARTY TIME DESIGN FLANNEL
85185B;PINK HORSE SOCK PUPPET KIT
84558A;3D DOG PICTURE PLAYING CARDS
21897;POTTING SHED CANDLE CITRONELLA
23179;CLOCK MAGNET MUM'S KITCHEN
16161M;WRAP  PINK FLOCK
84596f;SMALL MARSHMALLOWS PINK BOWL
21311;SET/4 BIRD MIRROR MAGNETS 
84859C;PINK DISCO HANDBAG
70007;HI TEC ALPINE HAND WARMER
22120;WELCOME  WOODEN BLOCK LETTERS
22251;BIRDHOUSE DECORATION MAGIC GARDEN
21622;VINTAGE UNION JACK CUSHION COVER
16046;TEATIME PEN CASE & PENS
84968a;SET OF 16 VINTAGE ROSE CUTLERY
21109;LARGE CAKE TOWEL, CHOCOLATE SPOTS
90142B;IVORY PENDANT SHELL NECKLACE
20914;SET/5 RED RETROSPOT LID GLASS BOWLS
16237;SLEEPING CAT ERASERS
22660;DOORMAT I LOVE LONDON
20980;36 PENCILS TUBE POSY
84970S;HANGING HEART ZINC T-LIGHT HOLDER
90059E;DIAMANTE HAIR GRIP PACK/2 RUBY
22306;SILVER MUG BONE CHINA TREE OF LIFE
22304;COFFEE MUG BLUE PAISLEY DESIGN
21864;UNION JACK FLAG PASSPORT COVER 
21210;SET OF 72 RETRO SPOT PAPER  DOILIES
47518f;ICON PLACEMAT POP ART ELVIS
23311;VINTAGE CHRISTMAS STOCKING 
23228;FILIGREE HEART BIRD WHITE 
22101;MIRROR MOSAIC VOTIVE HOLDER
21750;LARGE SKULL WINDMILL
84452;METAL RABBIT LADDER EASTER 
23295;SET OF 12 MINI LOAF BAKING CASES
22110;BIRD HOUSE HOT WATER BOTTLE
72803B;OCEAN SCENT CANDLE JEWELLED DRAWER
22199;FRYING PAN RED POLKADOT 
23168;CLASSIC CAFE SUGAR DISPENSER
22667;RECIPE BOX RETROSPOT 
22773;GREEN DRAWER KNOB ACRYLIC EDWARDIAN
23282;FOLDING BUTTERFLY MIRROR IVORY 
23112;PARISIENNE CURIO CABINET
21392;RED POLKADOT PUDDING BOWL
82613c;METAL SIGN,CUPCAKE SINGLE HOOK
23009;I LOVE LONDON BABY GIFT SET
35603C;SET/16 WHITE SHINY & MATT BAUBLES
21359;RELAX LARGE WOOD LETTERS
85034B;3 WHITE CHOC MORRIS BOXED CANDLES
21090;SET/6 COLLAGE PAPER PLATES
84030e;ENGLISH ROSE HOT WATER BOTTLE
23297;SET 40 HEART SHAPE PETIT FOUR CASES
16202A;PASTEL PINK PHOTO ALBUM 
23366;SET 12 COLOUR PENCILS DOILEY
23005;TRAVEL CARD WALLET I LOVE LONDON
23232;WRAP VINTAGE LEAF DESIGN
23324;RUSTIC STRAWBERRY JAM POT LARGE 
47585A;PINK FAIRY CAKE CUSHION COVER
23040;PAPER LANTERN 9 POINT SNOW STAR 
37352;BIRD IN TREE MUG 
84946;ANTIQUE SILVER T-LIGHT GLASS
23525;WALL ART BUFFALO BILL 
23637;SET 10 CARDS OUT OF ORDER 17216
90119;METALIC LEAVES BAG CHARMS
82482;WOODEN PICTURE FRAME WHITE FINISH
35967;FOLK ART METAL STAR T-LIGHT HOLDER
23218;LAUREL STAR ANTIQUE GOLD
21269;ANTIQUE CREAM CUTLERY SHELF 
90001A;ANTIQUE RASPBERRY FLOWER EARRINGS
22342;HOME GARLAND PAINTED ZINC 
84970l;SINGLE HEART ZINC T-LIGHT HOLDER
23552;BICYCLE PUNCTURE REPAIR KIT 
21826;EIGHT PIECE DINOSAUR SET
21249;WOODLAND  HEIGHT CHART STICKERS 
84580;MOUSE TOY WITH PINK T-SHIRT
84872a;TEATIME FUNKY FLOWER BACKPACK FOR 2
23415;HOME SWEET HOME HOOK
23506;MINI PLAYING CARDS SPACEBOY 
22232;JIGSAW TOADSTOOLS 3 PIECE
17084N;FAIRY DREAMS INCENSE 
22272;FELTCRAFT DOLL MARIA
35650;VINTAGE BEAD PINK JEWEL STAND
21108;FAIRY CAKE FLANNEL ASSORTED COLOUR
22544;MINI JIGSAW SPACEBOY
84686;BEACH HUT MIRROR
22899;CHILDREN'S APRON DOLLY GIRL 
21678;PAISLEY PATTERN  STICKERS
20964;POLYESTER FILLER PAD 60x40cm
23124;18PC WOODEN CUTLERY SET DISPOSABLE
90162B;ANT SILVER LIME GREEN BOUDICCA RING
85018D;YULETIDE IMAGES S/6 PAPER BOXES
22757;LARGE RED BABUSHKA NOTEBOOK 
40005B;BLUE ORGANDY ROUND LAMPSHADE W BEA
72051S;BAG OF SILVER STONES
23264;SET OF 3 WOODEN SLEIGH DECORATIONS
23255;CHILDRENS CUTLERY CIRCUS PARADE
23541;WALL ART CLASSIC PUDDINGS 
23421;PANTRY HOOK SPATULA
21823;PAINTED METAL HEART WITH HOLLY BELL
84600;NEW BAROQUE JEWELLERY BOX 
84789;ENCHANTED BIRD PLANT CAGE
20665;RED SPOTTY PURSE 
84989a;75 GREEN FAIRY CAKE CASES
21900;KEY FOB , SHED
21865;PINK UNION JACK  PASSPORT COVER 
22261;FELT EGG COSY WHITE RABBIT 
47503H;ASS FLORAL PRINT SPIRIT LEVEL 
21188;3D HEARTS  HONEYCOMB PAPER GARLAND
22111;SCOTTIE DOG HOT WATER BOTTLE
23349;ROLL WRAP VINTAGE CHRISTMAS
84997D;CHILDRENS CUTLERY POLKADOT PINK
23554;LANDMARK FRAME OXFORD STREET
23504;PLAYING CARDS JUBILEE UNION JACK
21469;POLKA DOT RAFFIA FOOD COVER
21003;ROSE DU SUD CUSHION COVER
90200B;BLACK SWEETHEART BRACELET
90129A;PINK GLASS TASSLE BAG CHARM 
23453;OVAL  MINI PORTRAIT FRAME
23052;RECYCLED ACAPULCO MAT TURQUOISE
90038B;GLASS AND PAINTED BEADS BRACELET OL
71038;WHITE HANGING BEADS CANDLE HOLDER
21317;GLASS SPHERE CANDLE STAND MEDIUM
90144;SILVER DROP EARRINGS WITH FLOWER
35916B;BLUE FELT HANGING HEART WITH FLOWER
20992;JAZZ HEARTS PURSE NOTEBOOK
90200A;PURPLE SWEETHEART BRACELET
84997d;CHILDRENS CUTLERY POLKADOT PINK
85172;HYACINTH BULB T-LIGHT CANDLES
23425;STORAGE TIN HOME SWEET HOME
21281;VINTAGE KITCHEN PRINT SEAFOOD
85226A;WHITE/BLUE PULL BACK RACING CAR
22849;BREAD BIN DINER STYLE MINT
21765;HANGING METAL BIRD BATH
22553;PLASTERS IN TIN SKULLS
84974;S/2 ZINC HEART DESIGN PLANTERS
22722;SET OF 6 SPICE TINS PANTRY DESIGN
21647;ASSORTED TUTTI FRUTTI LARGE PURSE
22458;CAST IRON HOOK GARDEN FORK
23565;EGG CUP MILKMAID HELGA 
84674;FLYING PIG WATERING CAN
23142;IVORY WIRE KITCHEN ORGANISER
62094B;TURQ ICE CREAM BUM BAG 
22278;OVERNIGHT BAG VINTAGE ROSE PAISLEY
22134;LADLE LOVE HEART RED 
17012A;ORIGAMI VANILLA INCENSE/CANDLE SET 
22824;3 TIER SWEETHEART GARDEN SHELF
84206C;CHAMPAGNE TRAY BLANK CARD
84755;COLOUR GLASS T-LIGHT HOLDER HANGING
22374;AIRLINE BAG VINTAGE JET SET RED
22693;GROW A FLYTRAP OR SUNFLOWER IN TIN
84673B;BLUE FLY SWAT
22559;SEASIDE FLYING DISC
84360;TABLE LAMP WHITE SHADE WOOD BASE
84763;ZINC FINISH 15CM PLANTER POTS
23002;TRAVEL CARD WALLET SKULLS
21841;BABY MOUSE RED GINGHAM DRESS
90059F;DIAMANTE HAIR GRIP PACK/2 LT ROSE
90177C;DROP DIAMANTE EARRINGS CRYSTAL
84614A;PINK BAROQUE FLOCK CANDLE HOLDER
23192;BUNDLE OF 3 ALPHABET EXERCISE BOOKS
21251;DINOSAUR HEIGHT CHART STICKER SET
22943;CHRISTMAS LIGHTS 10 VINTAGE BAUBLES
84821;DANISH ROSE DELUXE COASTER
22447;PIN CUSHION BABUSHKA BLUE
22176;BLUE OWL SOFT TOY
22168;ORGANISER WOOD ANTIQUE WHITE 
21314;SMALL GLASS HEART TRINKET POT
84531B;BLUE KNITTED EGG COSY
23438;GIFT BAG LARGE SPOT 
23571;TRADITIONAL NAUGHTS & CROSSES
22048;BIRTHDAY BANQUET GIFT WRAP
21395;BLUE POLKADOT BEAKER 
23357;HOT WATER BOTTLE SEX BOMB
47421;ASSORTED COLOUR LIZARD SUCTION HOOK
90011B;BLACK CRYSTAL DROP EARRINGS
22098;BOUDOIR SQUARE TISSUE BOX
22974;CHILDRENS DOLLY GIRL MUG
21379;CAMPHOR WOOD PORTOBELLO MUSHROOM
79066k;RETRO MOD TRAY
90138;WHITE/PINK MINI CRYSTALS NECKLACE
22977;DOLLY GIRL CHILDRENS EGG CUP
84877B;GREEN ROUND COMPACT MIRROR
35645;VINTAGE BEAD PINK JEWEL BOX
22556;PLASTERS IN TIN CIRCUS PARADE 
23379;PACK OF 12 RED APPLE TISSUES
21415;CLAM SHELL SMALL 
79191D;RETRO PLASTIC DAISY TRAY
20703;BLUE PADDED SOFT MOBILE
22662;LUNCH BAG DOLLY GIRL DESIGN
23420;PANTRY HOOK TEA STRAINER 
21352;EUCALYPTUS & PINECONE  WREATH
22978;PANTRY ROLLING PIN
90063A;WHITE VINT ART DECO CRYSTAL NECKLAC
84926F;PSYCHEDELIC TILE COASTER
84247E;PACK/12 XMAS FUN CARD
22230;JIGSAW TREE WITH WATERING CAN
22808;SET OF 6 T-LIGHTS EASTER CHICKS
10124A;SPOTS ON RED BOOKCOVER TAPE
20684;STRAWBERRY DREAM CHILDS UMBRELLA
84539;KNITTED RABBIT DOLL 
22441;GROW YOUR OWN BASIL IN ENAMEL MUG
22108;PING! MICROWAVE PLATE
84526;GIANT BLACK SUNGLASSES
22952;60 CAKE CASES VINTAGE CHRISTMAS
23333;IVORY WICKER HEART MEDIUM
21987;PACK OF 6 SKULL PAPER CUPS
23046;PAPER LANTERN 9 POINT DELUXE STAR
21633;SUNFLOWER DECORATIVE PARASOL
90090;PINK CRYSTAL HEART PHONE CHARM
72818;CHRISTMAS DECOUPAGE CANDLE
20718;RED RETROSPOT SHOPPER BAG
23535;WALL ART BICYCLE SAFETY
90214J;"LETTER ""J"" BLING KEY RING"
21635;MADRAS NOTEBOOK LARGE 
90120A;PINK MURANO TWIST BRACELET
23175;REGENCY MILK JUG PINK 
22331;WOODLAND PARTY BAG + STICKER SET
23272;TREE T-LIGHT HOLDER WILLIE WINKIE
22846;BREAD BIN DINER STYLE RED 
90083;CRYSTAL CZECH CROSS PHONE CHARM
20685;DOORMAT RED SPOT
85114B;IVORY ENCHANTED FOREST PLACEMAT
22769;CHALKBOARD KITCHEN ORGANISER
84997D;PINK 3 PIECE MINI DOTS CUTLERY SET
22519;CHILDS GARDEN BRUSH PINK
22124;SET OF 2 TEA TOWELS PING MICROWAVE
22329;ROUND CONTAINER SET OF 5 RETROSPOT
22454;MEASURING TAPE BABUSHKA RED
90130C;GREEN STONE/CRYSTAL EARRINGS
21363;HOME SMALL WOOD LETTERS
35909B;PINK FLOWERS RABBIT EASTER
18007;ESSENTIAL BALM 3.5g TIN IN ENVELOPE
84689;S/2 BEACH HUT TREASURE CHESTS
20903;VINTAGE KEEPSAKE BOX TRAVELOGUE
85204;HANGING WOOD AND FELT FLOWER
20906;VINTAGE NOTEBOOK BEAUTY GIRL
84827;ASS DES PHONE SPONGE CRAFT STICKER
35932;PINK CHRISTMAS TREE DECORATION
23636;SET 10 CARDS WISHING TREE 17116
90022;EDWARDIAN DROP EARRINGS JET BLACK
35607B;BLACK FEATHER CHRISTMAS DECORATION
22179;SET 10 LIGHTS NIGHT OWL
90185C;BLACK DIAMANTE EXPANDABLE RING
22274;FELTCRAFT DOLL EMILY
23353;6 GIFT TAGS VINTAGE CHRISTMAS 
22508;DOORSTOP RETROSPOT HEART
23110;PARISIENNE KEY CABINET 
84879;ASSORTED COLOUR BIRD ORNAMENT
79144C;PAINTED LIGHTBULB RAINBOW DESIGN
21894;POTTING SHED SEED ENVELOPES
22139;RETRO SPOT TEA SET CERAMIC 11 PC 
21166;COOK WITH WINE METAL SIGN 
22922;FRIDGE MAGNETS US DINER ASSORTED
21922;UNION STRIPE WITH FRINGE  HAMMOCK
21555;CERAMIC STRAWBERRY TRINKET TRAY
90019B;GOLD M.O.P ORBIT BRACELET
22878;NUMBER TILE COTTAGE GARDEN No
21344;MOROCCAN BEATEN METAL DISH
20719;WOODLAND CHARLOTTE BAG
21977;PACK OF 60 PINK PAISLEY CAKE CASES
84945;MULTI COLOUR SILVER T-LIGHT HOLDER
22123;PING MICROWAVE APRON
22731;3D CHRISTMAS STAMPS STICKERS 
22868;NUMBER TILE COTTAGE GARDEN, 0 
20727;LUNCH BAG  BLACK SKULL.
23491;VINTAGE JINGLE BELLS HEART
21122;SET/10 PINK SPOTTY PARTY CANDLES
85025C;PINK HEART SHAPE PHOTO FRAME
21399;BLUE POLKADOT COFFEE MUG
22449;SILK PURSE BABUSHKA PINK
35095B;RED VICTORIAN FABRIC OVAL BOX
72799C;PINK PILLAR CANDLE SILVER FLOCK
90071;RUBY GLASS CLUSTER EARRINGS
22881;NUMBER TILE VINTAGE FONT 2
21016;LIGHT BIRD HOUSE TREE DECORATION
20701;PINK CAT FLORAL CUSHION COVER 
21391;FRENCH LAVENDER SCENT HEART
21348;PINK SPOTS CHOCOLATE NESTING BOXES 
84905;PINK BUTTERFLY CUSHION COVER 
22678;FRENCH BLUE METAL DOOR SIGN, 3
22233;JIGSAW RABBIT AND BIRDHOUSE
23537;WALL ART I LOVE LONDON 
23280;FOLDING BUTTERFLY MIRROR HOT PINK 
22106;MIRROR MOSAIC HURRICANE LAMP 
90200C;BLUE SWEETHEART BRACELET
23117;POPPY FIELDS CHOPPING BOARD
23534;WALL ART STOP FOR TEA 
84924A;WAKE UP COCKEREL CALENDAR SIGN 
21063;PARTY INVITES JAZZ HEARTS
22072;RED RETROSPOT TEA CUP AND SAUCER 
37476;CONDIMENT TRAY 4 BOWLS AND 4 SPOONS
75013B;STRING OF 8 BUTTERFLIES,PINK
84985A;SET OF 72 GREEN PAPER DOILIES
23559;WOODLAND BUNNIES LOLLY MAKERS
84968A;SET OF 16 VINTAGE ROSE CUTLERY
85093;CANDY SPOT EGG WARMER HARE
90086;CRYSTAL FROG PHONE CHARM
23454;SET OF 3 MINI HANGING PORTRAITS
21357;TOAST ITS - DINOSAUR
22577;WOODEN HEART CHRISTMAS SCANDINAVIAN
23434;3 RAFFIA RIBBONS 50'S CHRISTMAS 
21293;MIRRORED DOVE WALL DECORATION
90177E;DROP DIAMANTE EARRINGS GREEN
71496A;A4 WALL TIDY BLUE OFFICE
22887;NUMBER TILE VINTAGE FONT 8
23028;DRAWER KNOB CRACKLE GLAZE BLUE
84884a;ANT WHITE WIRE HEART SPIRAL
85132a;CHARLIE + LOLA BISCUITS TINS
22433;WATERING CAN GREEN DINOSAUR
22286;DECORATION WOBBLY RABBIT METAL 
84663A;GRASS HOPPER WOODEN WALL CLOCK 
22686;FRENCH BLUE METAL DOOR SIGN No
20699;MOUSEY LONG LEGS SOFT TOY
22064;PINK DOUGHNUT TRINKET POT 
23251;VINTAGE RED ENAMEL TRIM MUG 
21161;KEEP OUT BOYS DOOR HANGER 
90001D;ANTIQUE OLIVE GREEN FLOWER EARRINGS
21790;VINTAGE SNAP CARDS
22809;SET OF 6 T-LIGHTS SANTA
21215;IVORY PAPER CUP CAKE CASES 
22034;ROBIN CHRISTMAS CARD
85014b;RED RETROSPOT UMBRELLA
84801A;PINK HYDRANGEA ART FLOWER
17090D;VANILLA INCENSE 40 CONES IN TIN
22407;MONEY BOX FIRST AID DESIGN
16048;TEATIME ROUND PENCIL SHARPENER 
21822;GLITTER CHRISTMAS TREE WITH BELLS
22710;WRAP I LOVE LONDON 
23135;SMALL ZINC HEART WALL ORGANISER
22273;FELTCRAFT DOLL MOLLY
22142;CHRISTMAS CRAFT WHITE FAIRY 
22608;PENS ASSORTED FUNKY JEWELED 
C2;CARRIAGE
85118;HEART T-LIGHT HOLDER
22400;MAGNETS PACK OF 4 HOME SWEET HOME
22116;METAL SIGN HIS DINNER IS SERVED
20726;LUNCH BAG WOODLAND
22935;BAKING MOULD ROSE MILK CHOCOLATE
20723;STRAWBERRY CHARLOTTE BAG
22200;FRYING PAN PINK POLKADOT
23148;MINIATURE ANTIQUE ROSE HOOK IVORY
22167; OVAL WALL MIRROR DIAMANTE 
90181A;AMBER GLASS/SHELL/PEARL NECKLACE
85194L;HANGING SPRING FLOWER EGG LARGE
72793;BLACK BOX MIRROR LANTERN
85202;HANGING WOOD AND FELT HEART
79321;CHILLI LIGHTS
21679;SKULLS  STICKERS
85032A;ROMANTIC IMAGES GIFT WRAP SET
23136;IVORY WIRE SWEETHEART LETTER TRAY
85163B;BLACK BAROQUE WALL CLOCK 
23580;SNACK TRAY HAPPY FOREST  
84380;SET OF 3 BUTTERFLY COOKIE CUTTERS
22676;FRENCH BLUE METAL DOOR SIGN 1
22794;SWEETHEART WIRE MAGAZINE RACK
22308;TEA COSY BLUE STRIPE
21689;SILVER VANILLA  FLOWER CANDLE POT
22684;FRENCH BLUE METAL DOOR SIGN 9
23515;EMBROIDERED RIBBON REEL DAISY 
21675;BUTTERFLIES STICKERS
21192;WHITE BELL HONEYCOMB PAPER 
20831;GOLD PHOTO FRAME
20757;RED DAISY POCKET BOOK 
21401;BLUE PUDDING SPOON
84429A;MEDIUM PINK BUDDHA HEAD 
84964A;PINK PAINTED KASHMIRI TABLE
90149;SILVER FLOWR PINK SHELL NECKLACE
22625;RED KITCHEN SCALES
22095;LADS ONLY TISSUE BOX
72598;SET/12 TAPER CANDLES
22685;FRENCH BLUE METAL DOOR SIGN, 0
22138;BAKING SET 9 PIECE RETROSPOT 
23191;BUNDLE OF 3 RETRO NOTE BOOKS
21408;SPOTTY PINK DUCK DOORSTOP
23015;CORDIAL JUG
20681;PINK POLKADOT CHILDRENS UMBRELLA
20773;BLUE PAISLEY NOTEBOOK
85175;CACTI T-LIGHT CANDLES
22895;SET OF 2 TEA TOWELS APPLE AND PEARS
10080;GROOVY CACTUS INFLATABLE
20615;BLUE POLKADOT PASSPORT COVER
23435;3 RAFFIA RIBBONS VINTAGE CHRISTMAS
21199;PINK  HEART CONFETTI IN TUBE
84796B;BLUE SAVANNAH PICNIC HAMPER FOR 2
22242;5 HOOK HANGER MAGIC TOADSTOOL
22875;NUMBER TILE COTTAGE GARDEN 7
22322;BIRD DECORATION GREEN POLKADOT
21098;CHRISTMAS TOILET ROLL
22148;EASTER CRAFT 4 CHICKS 
90010A;MIDNIGHT BLUE GLASS/SILVER BRACELET
84916;HAND TOWEL PALE BLUE W FLOWERS
23356;LOVE HOT WATER BOTTLE
22076;6 RIBBONS EMPIRE  
22334;DINOSAUR PARTY BAG + STICKER SET
84854;GIRLY PINK TOOL SET
79051A;SMOKEY GREY COLOUR D.O.F. GLASS
85179B;WHITE BITTY LIGHT CHAIN 
22182;CAKE STAND VICTORIAN FILIGREE SMALL
23502;PLAYING CARDS VINTAGE DOILY 
22671;FRENCH LAUNDRY SIGN BLUE METAL
35653;VINTAGE BEAD NOTEBOOK
22869;NUMBER TILE COTTAGE GARDEN, 1
85183A;CHARLIE & LOLA WASTEPAPER BIN BLUE
21228;"POCKET MIRROR ""GLAMOROUS"""
84596b;SMALL DOLLY MIX DESIGN ORANGE BOWL
23370;SET 36 COLOUR PENCILS DOILEY
23605;SET 10 CARDS 12 DAYS OF XMAS 17059
21617;4 LILY  BOTANICAL DINNER CANDLES
21645;ASSORTED TUTTI FRUTTI ROUND BOX
84964B;BLUE PAINTED KASHMIRI TABLE 
85141;JARDIN ETCHED GLASS FRUITBOWL
22915;ASSORTED BOTTLE TOP  MAGNETS 
35648;VINTAGE BEAD PINK PURSE 
21815;STAR  T-LIGHT HOLDER 
90214H;"LETTER ""H"" BLING KEY RING"
DCGS0076;SUNJAR LED NIGHT NIGHT LIGHT
85008;SET OF 3 CONEY ISLAND OVAL BOXES
16161U;WRAP SUKI AND FRIENDS
84247N;PACK/12 BLUE FOLKART CARDS
90125E;AMBER BERTIE GLASS BEAD BAG CHARM
35240;ENAMEL BLUE RIM OVAL TRAY SET/2
85145;JARDIN ETCHED GLASS LARGE BELL JAR
23406;HOME SWEET HOME KEY HOLDER
23128;FELTCRAFT BOY JEAN-PAUL KIT
22389;PAPERWEIGHT SAVE THE PLANET
84029E;RED WOOLLY HOTTIE WHITE HEART.
21061;PARTY INVITES FOOTBALL
16169P;WRAP GREEN RUSSIAN FOLKART 
85084;HOLLY TOP CHRISTMAS STOCKING
72802C;VANILLA SCENT CANDLE JEWELLED BOX
22900;SET 2 TEA TOWELS I LOVE LONDON 
D;Discount
90214A;"LETTER ""A"" BLING KEY RING"
35810A;ENAMEL PINK COFFEE CONTAINER
90029;NEW BAROQUE SMALL NECKLACE BLACK
37489A;YELLOW/PINK FLOWER DESIGN BIG MUG
22845;VINTAGE CREAM CAT FOOD CONTAINER
90186B;CRYSTAL HOOP EARRING FLORAL LEAF
84510e;SET OF 4 GREEN CAROUSEL COASTERS
22150;3 STRIPEY MICE FELTCRAFT
23182;TOILET SIGN OCCUPIED OR VACANT
22087;PAPER BUNTING WHITE LACE
85006;SET 4 NURSERY DES ROUND BOXES
90187A;BLUE DROP EARRINGS W BEAD CLUSTER
20983;12 PENCILS TALL TUBE RED RETROSPOT
23480;MINI LIGHTS WOODLAND MUSHROOMS
23471;SIX DRAWER OFFICE TIDY
22905;CALENDAR IN SEASON DESIGN
90169;DAISY HAIR COMB
20985;HEART CALCULATOR
22434;BALLOON PUMP WITH 10 BALLOONS
23546;WRAP PAISLEY PARK 
21253;SET OF PICTURE FRAME  STICKERS
20932;PINK POT PLANT CANDLE
21291;SMALL POLKADOT CHOCOLATE GIFT BAG 
85018B;S/6 PAPER BOXES BLOSSOM IMAGES 
84949;SILVER HANGING T-LIGHT HOLDER
47599A;PINK PARTY BAGS
22589;CARDHOLDER GINGHAM STAR
21650;ASSORTED TUTTI FRUTTI BRACELET
23625;SET 6 CARDS SPARKLY REINDEER 17262
22343;PARTY PIZZA DISH RED RETROSPOT
47563B;WAVELINE SURF IRONING BOARD COVER
84683;CLASSICAL ROSE CANDLESTAND
23221;REINDEER HEART DECORATION SILVER
21027;NINJA RABBIT PINK
22573;STAR WOODEN CHRISTMAS DECORATION
72130;COLUMBIAN CANDLE ROUND
22459;CAST IRON HOOK GARDEN TROWEL
23032;DRAWER KNOB CRACKLE GLAZE IVORY
22735;RIBBON REEL SOCKS AND MITTENS
22249;DECORATION WHITE CHICK MAGIC GARDEN
21018;BIRD BOX CHRISTMAS TREE DECORATION
21361;LOVE LARGE WOOD LETTERS 
23403;LETTER HOLDER HOME SWEET HOME
21328;BALLOONS  WRITING SET 
22046;TEA PARTY  WRAPPING PAPER 
90082B;DIAMANTE BOW BROOCH RED COLOUR
35916A;YELLOW FELT HANGING HEART W FLOWER
21208;PASTEL COLOUR HONEYCOMB FAN
23306;SET OF 36 PANTRY PAPER DOILIES
84661A;WHITE SQUARE TABLE CLOCK
23164;REGENCY CAKE SLICE
23350;ROLL WRAP VINTAGE SPOT 
22753;SMALL YELLOW BABUSHKA NOTEBOOK 
90075;MONTANA DIAMOND CLUSTER NECKLACE
22525;CHILDRENS GARDEN GLOVES PINK
90060D;FIRE POLISHED GLASS NECKL BRONZE
23223;CHRISTMAS TREE HANGING SILVER 
22491;PACK OF 12 COLOURED PENCILS
22807;SET OF 6 T-LIGHTS TOADSTOOLS
22128;PARTY CONES CANDY ASSORTED
22761;CHEST 7 DRAWER MA CAMPAGNE
82583;HOT BATHS METAL SIGN
16012;FOOD/DRINK SPONGE STICKERS
23207;LUNCH BAG ALPHABET DESIGN
22263;FELT EGG COSY LADYBIRD 
22256;FELT FARM ANIMAL CHICKEN
23509;MINI PLAYING CARDS FUN FAIR 
22682;FRENCH BLUE METAL DOOR SIGN 7
22629;SPACEBOY LUNCH BOX 
21060;PARTY INVITES BALLOON GIRL
23102;SILVER HEARTS TABLE DECORATION
21367;MIRRORED WALL ART GENTS
23271;CHRISTMAS TABLE SILVER CANDLE SPIKE
84912B;GREEN ROSE WASHBAG
21288;STRIPEY CHOCOLATE NESTING BOXES
85169A;IVORY LOVE BIRD CANDLE
85038;6 CHOCOLATE LOVE HEART T-LIGHTS
22321;BIRD DECORATION RED RETROSPOT
20618;QUEEN OF THE SKIES PASSPORT COVER 
21017;RED BIRD HOUSE TREE DECORATION
90210B;CLEAR ACRYLIC FACETED BANGLE
22945;CHRISTMAS METAL TAGS ASSORTED 
85170D;SET/6 PINK BIRD T-LIGHT CANDLES
21324;HANGING MEDINA LANTERN SMALL
21911;GARDEN METAL SIGN 
22137;BATHROOM SET LOVE HEART DESIGN
21481;FAWN BLUE HOT WATER BOTTLE
84968C;SET OF 16 VINTAGE PISTACHIO CUTLERY
22359;GLASS JAR KINGS CHOICE
72800E;4 IVORY DINNER CANDLES SILVER FLOCK
90059A;DIAMANTE HAIR GRIP PACK/2 CRYSTAL
22236;CAKE STAND 3 TIER MAGIC GARDEN
90081C;LILY BROOCH OLIVE COLOUR
22848;BREAD BIN, DINER STYLE, PINK
84944;SET OF 6 KASHMIR FOLKART BAUBLES
22442;GROW YOUR OWN FLOWERS SET OF 3
21818;GLITTER CHRISTMAS HEART 
23545;WRAP RED VINTAGE DOILY
23275;SET OF 3 HANGING OWLS OLLIE BEAK
22475;SKULL DESIGN TV DINNER TRAY
20766;GARDEN PATH SKETCHBOOK
23497;CLASSIC CROME BICYCLE BELL 
23616;SET 10 CARDS JINGLE BELLS 17217
20857;BLUE ROSE PATCH PURSE PINK BUTTERFL
21914;BLUE HARMONICA IN BOX 
20754;RETROSPOT RED WASHING UP GLOVES
22803;IVORY EMBROIDERED QUILT 
85131D;BEADED CRYSTAL HEART PINK ON STICK
22265;EASTER DECORATION NATURAL CHICK
84993a;75 GREEN PETIT FOUR CASES
23254;CHILDRENS CUTLERY DOLLY GIRL 
21556;CERAMIC STRAWBERRY MONEY BOX
85103;SILVER T-LIGHT SETTING
23109;LED TEA LIGHTS
23184;BULL DOG BOTTLE OPENER
90012B;BLACK DROP CRYSTAL NECKLACE
90002A;FLOWER BURST SILVER RING OPAL
20825;GOLD WINE GLASS
22677;FRENCH BLUE METAL DOOR SIGN 2
90063B;BLACK VINT ART DEC CRYSTAL NECKLACE
85129D;BEADED CRYSTAL HEART PINK SMALL
85114c;RED ENCHANTED FOREST PLACEMAT
23388;WOODLAND MINI RUCKSACK 
21463;MIRRORED DISCO BALL 
47591B;SCOTTIES CHILDRENS APRON
90043;COPPER AND BRASS BAG CHARM
23500;KEY RING BASEBALL BOOT ASSORTED 
84992;72 SWEETHEART FAIRY CAKE CASES
22942;CHRISTMAS LIGHTS 10 SANTAS 
20661;BLUE POLKADOT PURSE 
22349;DOG BOWL CHASING BALL DESIGN
85230A;OPIUM SCENTED VOTIVE CANDLE
84510C;SET OF 4 POLKADOT COASTERS
22144;CHRISTMAS CRAFT LITTLE FRIENDS
22348;TEA BAG PLATE RED RETROSPOT
78034B;BLUE NETTING STORAGE HANGER
23007; SPACEBOY BABY GIFT SET
21134;VICTORIAN METAL POSTCARD CHRISTMAS
35954;SMALL FOLKART STAR CHRISTMAS DEC
22826;LOVE SEAT ANTIQUE WHITE METAL
84519B;CARROT CHARLIE+LOLA COASTER SET
22474;SPACEBOY TV DINNER TRAY
90160B;RED BOUDICCA LARGE BRACELET
23021;GLASS BONNE JAM JAR
21488;RED WHITE SCARF  HOT WATER BOTTLE
90135;ORANGE/WHT/FUSCHIA STONES NECKLACE
22959;WRAP CHRISTMAS VILLAGE
22201;FRYING PAN BLUE POLKADOT
84508A;CAMOUFLAGE DESIGN TEDDY
22386;JUMBO BAG PINK POLKADOT
22941;CHRISTMAS LIGHTS 10 REINDEER
23399;HOME SWEET HOME HANGING HEART
21265;PINK GOOSE FEATHER TREE 60CM
23489;GARLAND, VINTAGE BELLS
90205C;LARGE CRYSTAL DIAMANTE HAIRSLIDE
21246;RED RETROSPOT BIG BOWL
22838;CAKE TIN, 3 TIER RED/IVORY
84849D;HOT BATHS SOAP HOLDER
23431;NATURAL HANGING QUILTED HEARTS 
21677;HEARTS  STICKERS
90013C;GREEN VINTAGE EARRINGS 
84270;ASSTD DESIGN BUBBLE GUM RING
22285;DECORATION HEN ON NEST, HANGING
22929;SCHOOL DESK AND CHAIR 
22792;FLUTED ANTIQUE CANDLE HOLDER
23213;STAR WREATH DECORATION WITH BELL
21224;SET/4 SKULL BADGES
23619;SET 10 CARDS POINSETTIA 17093
90194;SILVER LARIAT BLACK STONE EARRINGS
84877A;PINK ROUND COMPACT MIRROR
17012F;ORIGAMI SANDLEWOOD INCENSE/CAND SET
21896;POTTING SHED TWINE
21825;PAINTED METAL TREE WITH HOLLY BELLS
20712;JUMBO BAG WOODLAND ANIMALS
22156;HEART DECORATION WITH PEARLS 
84508C;BLUE CIRCLES DESIGN TEDDY
22716;CARD CIRCUS PARADE
10125;MINI FUNKY DESIGN TAPES
22550;HOLIDAY FUN LUDO
22539;MINI JIGSAW DOLLY GIRL
21333;CLASSIC WHITE FRAME
90143;SILVER BRACELET W PASTEL FLOWER
84725;FREESTYLE CANVAS ART PICTURE
21424;WOODLAND STORAGE BOX LARGE 
85115B;S/4 BLACK DISCO PARTITION PANEL
23085;ANTIQUE SILVER BAUBLE LAMP  
84988;SET OF 72 PINK HEART PAPER DOILIES
20771;CHRYSANTHEMUM  JOURNAL
90011E;AMBER CRYSTAL DROP EARRINGS
22638;SET OF 4 NAPKIN CHARMS CROWNS 
35004c;SET OF 3 COLOURED  FLYING DUCKS
85114C;RED ENCHANTED FOREST PLACEMAT
35965;FOLKART HEART NAPKIN RINGS
23329;DECORATIVE WICKER HEART LARGE
21802;CHRISTMAS TREE HEART DECORATION
22221;CAKE STAND LOVEBIRD 2 TIER PINK
84801B;WHITE HYDRANGEA ART FLOWER
90040A;MURANO STYLE GLASS BRACELET RED
22917;HERB MARKER ROSEMARY
21944;KITTENS DESIGN FLANNEL
21033;JUMBO BAG CHARLIE AND LOLA TOYS
84997A;GREEN 3 PIECE MINI DOTS CUTLERY SET
47574B;ENGLISH ROSE SCENTED HANGING HEART
84984A;GREEN PEONY CUSHION COVER
90130D;RED STONE/CRYSTAL EARRINGS
21613;S/12 VANILLA  BOTANICAL T-LIGHTS
35004G;SET OF 3 GOLD FLYING DUCKS
21054;NURSE'S BAG SOFT TOY
22520;CHILDS GARDEN TROWEL BLUE 
84520B;PACK 20 ENGLISH ROSE PAPER NAPKINS
15056N;EDWARDIAN PARASOL NATURAL
22050;PINK PAISLEY ROSE GIFT WRAP
21110;LARGE CAKE TOWEL PINK SPOTS
85124C;GREEN JUICY FRUIT PHOTO FRAME
21564;PINK  HEART SHAPE LOVE BUCKET 
35638A;PINK AND BLACK STRING CURTAIN
72232;FENG SHUI PILLAR CANDLE
21531;RED RETROSPOT SUGAR JAM BOWL
85024C;PINK SMALL JEWELLED PHOTOFRAME
16049;TEATIME GEL PENS ASST
16202B;PASTEL BLUE PHOTO ALBUM 
23640;SET 10 CARDS SCOTTIE DOG 17211
22610;PENS ASSORTED FUNNY FACE
84006;MAGIC TREE -PAPER FLOWERS
22317;FIVE CATS HANGING DECORATION
84877D;BLUE ROUND COMPACT MIRROR
23532;WALL ART WORK REST AND PLAY  
22892;SET OF SALT AND PEPPER TOADSTOOLS
20735;BLACK MINI TAPE MEASURE 
23498;CLASSIC BICYCLE CLIPS 
84032B;CHARLIE + LOLA RED HOT WATER BOTTLE
85095;THREE CANVAS LUGGAGE TAGS
72709;IVORY SCULPTED RND CANDLE 
21498;RED RETROSPOT WRAP 
23294;SET OF 6 SNACK LOAF BAKING CASES
22737;RIBBON REEL CHRISTMAS PRESENT 
72122;COFFEE SCENT PILLAR CANDLE
16156S;WRAP PINK FAIRY CAKES 
21206;STRAWBERRY HONEYCOMB  GARLAND 
20677;PINK POLKADOT BOWL
90214E;"LETTER ""E"" BLING KEY RING"
22972;CHILDRENS SPACEBOY MUG
21519;GIN & TONIC DIET GREETING CARD 
21486;PINK HEART DOTS HOT WATER BOTTLE
20941;FROG CANDLE
21804;WHITE CHRISTMAS GARLAND STARS TREES
21243;PINK POLKADOT PLATE 
22502;PICNIC BASKET WICKER SMALL
84963A;PINK PAINTED KASHMIRI CHAIR
72351a;SET/6 TURQUOISE BUTTERFLY T-LIGHTS
35966;FOLKART CHRISTMAS TREE T-LIGHT HOLD
20969;RED FLORAL FELTCRAFT SHOULDER BAG
85184c;S/4 VALENTINE DECOUPAGE HEART BOX
22276;WASH BAG VINTAGE ROSE PAISLEY
21145;ANTIQUE GLASS PLACE SETTING
23493;VINTAGE DOILY TRAVEL SEWING KIT
21818;GLITTER HEART DECORATION
90134;OLD ROSE COMBO BEAD NECKLACE
71495B;CD WALL TIDY RED FLOWERS
22842;BISCUIT TIN, RED,IVORY, VINTAGE
22839;CAKE TIN, 3 TIER MINT/IVORY
23372;SET 36 COLOUR PENCILS DOLLY GIRL
21591;COSY HOUR CIGAR BOX MATCHES 
23326;HANGING MINI COLOURED BOTTLES
15039;SANDALWOOD FAN
20914;SET/5 RED SPOTTY LID GLASS BOWLS
20820;SILVER LOOKING MIRROR
22358;KINGS CHOICE TEA CADDY 
21588;RETROSPOT GIANT TUBE MATCHES
21629;SQUARE FLOOR CUSHION VINTAGE RED
23306;SET OF 36 DOILIES PANTRY DESIGN
21244;BLUE POLKADOT PLATE 
22136;LOVE HEART SOCK HANGER
16033;MINI HIGHLIGHTER PENS
85199L;LARGE HANGING IVORY & RED WOOD BIRD
23087;ZINC  HEART T-LIGHT HOLDER
22059;CERAMIC STRWBERRY DESIGN MUG
23058;CHRISTMAS HANGING SNOWFLAKE
22313;OFFICE MUG WARMER PINK
79161A;ST GEORGE SET OF 10 PARTY LIGHTS
22566;FELTCRAFT HAIRBAND PINK AND PURPLE
23222;CHRISTMAS TREE HANGING GOLD
20654;FIRST CLASS LUGGAGE TAG 
21285;RETROSPOT CANDLE  MEDIUM
17096;ASSORTED LAQUERED INCENSE HOLDERS
23060;HEART BEADED TRELLIS DECORATION
16161G;WRAP BAD HAIR DAY
90211B;JET BLACK LAS VEGAS NECKLACE 45CM
90206A;GOLD DIAMANTE STAR BROOCH
17084P;DRAGONS BLOOD INCENSE
22685;FRENCH BLUE METAL DOOR SIGN 0
20734;SILVER MINI TAPE MEASURE 
21202;DOLLY HONEYCOMB GARLAND
23033;DRAWER KNOB CERAMIC RED
21730;GLASS STAR FROSTED T-LIGHT HOLDER
20796;SMALL BLUE PROVENCAL CERAMIC BALL
21634;ASSORTED MINI MADRAS NOTEBOOK
20966;SANDWICH BATH SPONGE
20978;36 PENCILS TUBE SKULLS
35933;PINK STOCKING CHRISTMAS DECORATION
37489B;BLUE/YELLOW FLOWER DESIGN BIG MUG
21121;SET/10 RED POLKADOT PARTY CANDLES
90202B;WHITE ENAMEL FLOWER HAIR TIE
90027B;GLASS BEAD HOOP EARRINGS MONTANA
23199;JUMBO BAG APPLES
85014B;RED RETROSPOT UMBRELLA
23089;GLASS BON BON JAR
23123;COCKTAIL SWORDS 50 PIECES
84569D;PACK 6 HEART/ICE-CREAM PATCHES
47586A;PINK FAIRY CAKE CUSHION COVER
70006;LOVE HEART POCKET WARMER
90118;PINK DAISY BAG CHARM
90175D;TIGRIS EYE CHUNKY CHARM BRACELET
79149B;SILICON STAR BULB  BLUE
90214B;"LETTER ""B"" BLING KEY RING"
22740;POLKA DOT PEN
84613A;PINK NEW BAROQUE FLOCK CANDLESTICK
22327;ROUND SNACK BOXES SET OF 4 SKULLS
22754;SMALL RED BABUSHKA NOTEBOOK 
84987;SET OF 36 TEATIME PAPER DOILIES
20655;QUEEN OF SKIES LUGGAGE TAG
21420;OYSTER TRINKET BOX
84750A;PINK SMALL GLASS CAKE STAND
62086A;PINK RETRO BIG FLOWER BAG
90129D;AMBER GLASS TASSLE BAG CHARM
22614;PACK OF 12 SPACEBOY TISSUES
21094;SET/6 RED SPOTTY PAPER PLATES
35004B;SET OF 3 BLACK FLYING DUCKS
21990;MODERN FLORAL STATIONERY SET
22228;BUNNY WOODEN PAINTED WITH BIRD 
48188;DOORMAT WELCOME PUPPIES
23006;TRAVEL CARD WALLET FLOWER MEADOW
84508B;STRIPES DESIGN TEDDY
90188;DROP EARRINGS W FLOWER & LEAF
15058A;BLUE POLKADOT GARDEN PARASOL
21742;LARGE ROUND WICKER PLATTER 
22664;TOY TIDY DOLLY GIRL DESIGN
84898F;YELLOW FLOWERS FELT HANDBAG KIT
90132;LIGHT TOPAZ TEAL/AQUA COL NECKLACE
23316;RED REFECTORY CLOCK 
21744;SNOWFLAKE PORTABLE TABLE LIGHT 
22061;LARGE CAKE STAND  HANGING STRAWBERY
23004;TRAVEL CARD WALLET PANTRY
23535;BICYCLE SAFTEY WALL ART
79337;BLUE FLOCK GLASS CANDLEHOLDER
22876;NUMBER TILE COTTAGE GARDEN 8
23330;DECORATIVE WICKER HEART MEDIUM
21289;LARGE STRIPES CHOCOLATE GIFT BAG
90036C;"FLOWER GLASS GARLAND NECKL.36""BLUE"
90093;CLEAR CRYSTAL STAR PHONE CHARM
21915;RED  HARMONICA IN BOX 
23550;WRAP ALPHABET POSTER  
22372;AIRLINE BAG VINTAGE WORLD CHAMPION 
23487;SWEET HEART CAKE CARRIER
21056;DOCTOR'S BAG SOFT TOY
35637A;IVORY STRING CURTAIN WITH POLE 
23521;CAT AND BIRD WALL ART
21786;POLKADOT RAIN HAT 
23603;SET 10 CARD KRAFT REINDEER 17084
21561;DINOSAUR LUNCH BOX WITH CUTLERY
21849;SILVER DIAMANTE PEN IN GIFT BOX
22288;HANGING METAL RABBIT DECORATION
20781;GOLD EAR MUFF HEADPHONES
84795b;SUNSET CHECK HAMMOCK
23405;HOME SWEET HOME 2 DRAWER CABINET
85014A;BLACK/BLUE POLKADOT UMBRELLA
23079;TOADSTOOL BEDSIDE LIGHT 
23495;SET OF 3 PANTRY WOODEN SPOONS
84660a;WHITE STITCHED WALL CLOCK
22962;JAM JAR WITH PINK LID
21673;WHITE SPOT BLUE CERAMIC DRAWER KNOB
22473;TV DINNER TRAY VINTAGE PAISLEY
47420;ASSORTED COLOUR SUCTION CUP HOOK
22279;POCKET BAG BLUE PAISLEY RED SPOT
21146;ANTIQUE GLASS RIDGED HANGING BALL
82095;HEART BUTTONS JEWELLERY BOX
22219;LOVEBIRD HANGING DECORATION WHITE 
23348;CHILDRENS TOY COOKING UTENSIL SET
22485;SET OF 2 WOODEN MARKET CRATES
21693;SMALL HAMMERED SILVER CANDLEPOT 
21787;RAIN PONCHO WITH RED SPOTS
85160A;WHITE BIRD GARDEN DESIGN MUG
84509G;SET OF 4 FAIRY CAKE PLACEMATS 
35598A;DUSTY PINK CHRISTMAS TREE 60CM
84206B;CAT WITH SUNGLASSES BLANK CARD
85211;S/4 GROOVY CAT MAGNETS
23376;PACK OF 12 VINTAGE CHRISTMAS TISSUE
21292;SMALL STRIPES CHOCOLATE GIFT BAG 
21417;COCKLE SHELL DISH
90123D;WHITE HEART OF GLASS BRACELET
79331;PINK FLOCK GLASS CANDLEHOLDER
23392;SPACEBOY ROCKET LOLLY MAKERS
21167;WHITE SAGE INCENSE
15060B;FAIRY CAKE DESIGN UMBRELLA
71143;SILVER BOOK MARK WITH BEADS
21043;APRON MODERN VINTAGE COTTON
21329;DINOSAURS  WRITING SET 
22913;RED COAT RACK PARIS FASHION
22631;CIRCUS PARADE LUNCH BOX 
17129F;BLUE GLASS GEMS IN BAG
90120B;BLUE MURANO TWIST BRACELET
85231G;ORANGE SCENTED SET/9 T-LIGHTS
20662;FIRST CLASS HOLIDAY PURSE 
85183B;CHARLIE & LOLA WASTEPAPER BIN FLORA
90176A;CLASSIC DIAMANTE NECKLACE JET
22683;FRENCH BLUE METAL DOOR SIGN 8
21498;RED SPOTS  WRAP 
21355;TOAST ITS - I LOVE YOU 
22778;GLASS CLOCHE SMALL
85130C;BEADED CRYSTAL HEART BLUE  LARGE
84927E;FLOWERS TILE HOOK
23691;WRAP KEEP CALM BIRTHDAY
22611;VINTAGE UNION JACK SHOPPING BAG
35833P;4 PINK FLOCK CHRISTMAS BALLS
90089;PINK CRYSTAL SKULL PHONE CHARM
23561;SET OF 6 RIBBONS PARTY
22786;PILLOWCUSHION COVER PINK UNION JACK
21707;FOLDING UMBRELLA BLACKBLUE POLKADOT
17021;NAMASTE SWAGAT INCENSE
22242;HOOK, 5 HANGER , MAGIC TOADSTOOL
23486;ANTIQUE HEART SHELF UNIT
23073;GEORGIAN TRINKET BOX
23620;SET 10 CARDS PERFECT POST 17090
23581;JUMBO BAG PAISLEY PARK
23209;LUNCH BAG VINTAGE DOILY 
21680;WOODLAND  STICKERS
84968d;SET OF 16 VINTAGE RED CUTLERY
23612;SET 10 MINICARDS CUTE SNOWMAN 17071
21278;VINTAGE KITCHEN PRINT PUDDINGS
21430;SET/3 RED GINGHAM ROSE STORAGE BOX
72802c;VANILLA SCENT CANDLE JEWELLED BOX
22407;MONEY BOX FIRST ADE DESIGN
85184c;SET 4 VALENTINE DECOUPAGE HEART BOX
23092;LARGE ANTIQUE WHITE PHOTO FRAME
21669;BLUE STRIPE CERAMIC DRAWER KNOB
23463;VINTAGE ZINC WATERING CAN
84510c;SET OF 4 POLKADOT COASTERS
47344B;BLUE FLOWER DES PURSE
23484;HEART TRELLIS TRIPLE T-LIGHT HOLDER
22955;36 FOIL STAR CAKE CASES 
84875B;GREEN SQUARE COMPACT MIRROR
22882;NUMBER TILE VINTAGE FONT 3
23516;EMBROIDERED RIBBON REEL SOPHIE  
22598;CHRISTMAS MUSICAL ZINC TREE
22717;CARD DOG AND BALL 
21713;CITRONELLA CANDLE FLOWERPOT
90128C;GREEN LEAVES AND BEADS PHONE CHARM
22091;EMPIRE TISSUE BOX
22581;WOOD STOCKING CHRISTMAS SCANDISPOT
90199B;5 STRAND GLASS NECKLACE AMETHYST
21681;GIANT MEDINA STAMPED METAL BOWL 
21912;VINTAGE SNAKES & LADDERS
21530;DAIRY MAID TOASTRACK
21576;LETS GO SHOPPING COTTON TOTE BAG
23323;WHITE WICKER STAR 
23300;GARDENERS KNEELING PAD CUP OF TEA 
84596G;SMALL CHOCOLATES PINK BOWL
90200E;GREEN SWEETHEART BRACELET
17191A;ROSE FLOWER CANDLE+INCENSE 16X16CM
22650;CERAMIC PIRATE CHEST MONEY BANK
84388;WISE MAN STAR SHAPE EGG PAN
22210;WOOD STAMP SET BEST WISHES
21578;WOODLAND DESIGN  COTTON TOTE BAG
22248;DECORATION  PINK CHICK MAGIC GARDEN
90214L;"LETTER ""L"" BLING KEY RING"
84926D;LA PALMIERA TILE COASTER
22873;NUMBER TILE COTTAGE GARDEN, 5
79323W;WHITE CHERRY LIGHTS
23205;CHARLOTTE BAG VINTAGE ALPHABET 
20752;BLUE POLKADOT WASHING UP GLOVES
23410;CURIO CABINET LINEN AND LACE 
21690;SILVER  CANDLEPOT JARDIN 
22679;FRENCH BLUE METAL DOOR SIGN, 4
84969;BOX OF 6 ASSORTED COLOUR TEASPOONS
20935;ROUND CACTUS CANDLE
90185A;AMBER DIAMANTE EXPANDABLE RING
90082D;DIAMANTE BOW BROOCH BLACK COLOUR
85184C;S/4 VALENTINE DECOUPAGE HEART BOX
84840;SWEETHEART CARRY-ALL BASKET
84947;ANTIQUE SILVER TEA GLASS ENGRAVED
21974;SET OF 36 PAISLEY FLOWER DOILIES
22509;SEWING BOX RETROSPOT DESIGN 
22854;CREAM SWEETHEART EGG HOLDER
84993B;75 BLACK PETIT FOUR CASES
85059;FRENCH ENAMEL WATER BASIN
79190A;RETRO PLASTIC 70'S TRAY
22860;EASTER TIN CHICKS PINK DAISY
23270;SET OF 2 CERAMIC PAINTED HEARTS 
90011C;GREEN CRYSTAL DROP EARRINGS
22779;WOODEN OWLS LIGHT GARLAND 
22259;FELT FARM ANIMAL HEN
90053;CRACKED GLAZE EARRINGS IVORY
22416;SET OF 36 SPACEBOY PAPER DOILIES
23161;REGENCY CAKE FORK
22206;MUG , DOTCOMGIFTSHOP.COM 
20952;PORCELAIN CHERUB BELL SMALL
84965A;PINK KASHMIRI COFFEE TABLE 
21216;SET 3 RETROSPOT TEA,COFFEE,SUGAR
22986;GINGHAM ROSE WRAP
22907;PACK OF 20 NAPKINS PANTRY DESIGN
84950;ASSORTED COLOUR T-LIGHT HOLDER
23639;SET 10 CARDS MAGICAL TREE 17086
84575A;PINK DOG CANNISTER
23414;ZINC BOX SIGN HOME
21592;RETRO SPOT  CIGAR BOX MATCHES 
22983;CARD, BILLBOARD FONT
37474;SET/4 2 TONE EGG SHAPE MIXING BOWLS
20840;FRENCH FLORAL CUSHION COVER 
23633;SET 10 CARDS WORLD CHILDREN 17067
22739;RIBBON REEL CHRISTMAS SOCK BAUBLE
21128;GOLD FISHING GNOME
15030;FAN BLACK FRAME 
21277;FRENCH STYLE EMBOSSED HEART CABINET
85049C;ROMANTIC PINKS RIBBONS 
23505;PLAYING CARDS I LOVE LONDON 
79030D;TUMBLER BAROQUE
84687;BEACH HUT SHELF W 3 DRAWERS
35637C;PINK STRING CURTAIN WITH POLE
22403;MAGNETS PACK OF 4 VINTAGE LABELS 
21143;ANTIQUE GLASS HEART DECORATION 
10002;INFLATABLE POLITICAL GLOBE 
21195;PINK  HONEYCOMB PAPER BALL 
84499;BLACK FLOWER CANDLE PLATE
22620;4 TRADITIONAL SPINNING TOPS
23481;PEARLISED IVORY HEART SMALL 
23652;SET 10 CARD CHRISTMAS STAMPS 16963
72798C;SET/4 GARDEN ROSE DINNER CANDLE
21155;RED SPOTTY PEG BAG
21883;STARS GIFT TAPE 
22536;MAGIC DRAWING SLATE PURDEY
35910B;PINK FLOWERS RABBIT EASTER
20704;MR ROBOT SOFT TOY
84685;BEACH HUT KEY CABINET
22565;FELTCRAFT HAIRBANDS PINK AND WHITE 
22394;PAPERWEIGHT KINGS CHOICE 
22868;NUMBER TILE COTTAGE GARDEN 0 
22715;CARD WEDDING DAY
84966A;PINK KASHMIRI BOXED MIRROR
21191;LARGE WHITE HONEYCOMB PAPER BELL  
22972;CHILDREN'S SPACEBOY MUG
22289;HANGING METAL CHICKEN DECORATION
22764;RUSTIC WOODEN CABINET, GLASS DOORS
35597D;PINK/WHITE CHRISTMAS TREE 30CM
22469;HEART OF WICKER SMALL
35819B;ACRYLIC HANGING JEWEL,BLUE
21642;ASSORTED TUTTI FRUTTI PEN
22689;DOORMAT MERRY CHRISTMAS RED 
90019A;SILVER M.O.P ORBIT BRACELET
22283;6 EGG HOUSE PAINTED WOOD
21447;12 IVORY ROSE PEG PLACE SETTINGS
21876;POTTERING MUG
85174;S/4 CACTI CANDLES
85049D;BRIGHT BLUES RIBBONS 
84459B;YELLOW METAL CHICKEN HEART 
gift_0001_20;Dotcomgiftshop Gift Voucher £20.00
84596g;SMALL CHOCOLATES PINK BOWL
22350;ILLUSTRATED CAT BOWL 
23144;ZINC T-LIGHT HOLDER STARS SMALL
22741;FUNKY DIVA PEN
23122;PARTY CHARMS 50 PIECES
21065;BOOM BOX SPEAKER GIRLS
22954;HEN PARTY CORDON BARRIER TAPE
85087;CANDY SPOT CUSHION COVER
21316;SMALL CHUNKY GLASS ROMAN  BOWL
23413;VINTAGE COFFEE GRINDER BOX
21644;ASSORTED TUTTI FRUTTI HEART BOX
22229;BUNNY WOODEN PAINTED WITH FLOWER 
21948;SET OF 6 CAKE CHOPSTICKS
21527;RED RETROSPOT TRADITIONAL TEAPOT 
15044B;BLUE PAPER PARASOL 
51020B;STRIPY DESIGN SHOWER CAP
85053;FRENCH ENAMEL CANDLEHOLDER
47566;PARTY BUNTING
21217;RED RETROSPOT ROUND CAKE TINS
23049;RECYCLED ACAPULCO MAT RED
21504;SKULLS GREETING CARD
21906;PHARMACIE FIRST AID TIN
23549;WRAP BIRD GARDEN 
85104;SILVER GLASS T-LIGHT SET
90125C;TURQUOISE BERTIE GLASS BEAD CHARM
84978;HANGING HEART JAR T-LIGHT HOLDER
22367;CHILDRENS APRON SPACEBOY DESIGN
35957;SMALLFOLKART BAUBLE CHRISTMAS DEC
35591T;TURQUOISE CHRISTMAS TREE 
90060F;FIRE POLISHED GLASS NECKL GREEN
90186A;AMETHYST HOOP EARRING FLORAL LEAF
22361;GLASS JAR DAISY FRESH COTTON WOOL
21929;JUMBO BAG PINK VINTAGE PAISLEY
37448;CERAMIC CAKE DESIGN SPOTTED MUG
23285;PINK VINTAGE SPOT BEAKER
21710;FOLDING UMBRELLA PINKWHITE POLKADOT
22427;ENAMEL FLOWER JUG CREAM
22443;GROW YOUR OWN HERBS SET OF 3
20850;ZINC HEART LATTICE PLANTER BOWL
22857;ASSORTED EASTER GIFT TAGS
15056P;EDWARDIAN PARASOL PINK
17107D;FLOWER FAIRY 5 DRAWER LINERS
23634;SET 10 CARDS XMAS CHOIR 17068
90000D;COPPER/OLIVE GREEN FLOWER NECKLACE
20713;JUMBO BAG OWLS
23527;WALL ART ANIMALS AND NATURE 
23621;SET 10 CARDS DAVID'S MADONNA 17074
22153;ANGEL DECORATION STARS ON DRESS
22665;RECIPE BOX BLUE SKETCHBOOK DESIGN
22580;ADVENT CALENDAR GINGHAM SACK
20778;GARDEN PATH NOTEBOOK 
23203;JUMBO BAG VINTAGE DOILY 
21372;MIRRORED WALL ART TABLE LAMP
72815;3 WICK CHRISTMAS BRIAR CANDLE 
23359;SET OF 12 T-LIGHTS VINTAGE DOILEY
22866;HAND WARMER SCOTTY DOG DESIGN
71279;PINK GLASS CANDLEHOLDER
21067;VINTAGE RED TEATIME MUG
22416;SET OF 36 DOILIES SPACEBOY DESIGN 
20979;36 PENCILS TUBE RED RETROSPOT
22089;PAPER BUNTING VINTAGE PAISLEY
22489;PACK OF 12 TRADITIONAL CRAYONS
21801;CHRISTMAS TREE DECORATION WITH BELL
79030G;TUMBLER, NEW ENGLAND
72351B;SET/6 PINK  BUTTERFLY T-LIGHTS
85180B;PINK HEARTS LIGHT CHAIN 
22873;NUMBER TILE COTTAGE GARDEN 5
72801c;4 ROSE PINK DINNER CANDLES
84925D;LA PALMIERA WALL THERMOMETER
22817;CARD SUKI BIRTHDAY
23382;BOX OF 6 CHRISTMAS CAKE DECORATIONS
11001;ASSTD DESIGN RACING CAR PEN
23523;WALL ART TREASURE AHOY 
85031B;BLOSSOM IMAGES SCRAP BOOK SET
84251G;GREETING CARD, OVERCROWDED POOL.
85216;ASSORTED CAKES FRIDGE MAGNETS
21455;PAINTED YELLOW WOODEN DAISY
22956;36 FOIL HEART CAKE CASES
20733;GOLD MINI TAPE MEASURE 
79067;CORONA MEXICAN TRAY
22731;3D STICKERS CHRISTMAS STAMPS
84997C;CHILDRENS CUTLERY POLKADOT BLUE
23638;SET 10 CARDS ROBIN WATERPUMP  17096
90156;RESIN BRACELET W PASTEL BEADS
84509B;SET OF 4 FAIRY CAKE PLACEMATS
22090;PAPER BUNTING RETROSPOT
85184C;SET 4 VALENTINE DECOUPAGE HEART BOX
22161;HEART DECORATION RUSTIC HANGING 
22692;DOORMAT WELCOME TO OUR HOME
16014;SMALL CHINESE STYLE SCISSOR
22208;WOOD STAMP SET THANK YOU
23635;SET 10 CARDS CHRISTMAS HOLLY  17259
22867;HAND WARMER BIRD DESIGN
21499;BLUE POLKADOT WRAP
22931;BAKING MOULD HEART WHITE CHOCOLATE
S;SAMPLES
21548;CERAMIC BIRDHOUSE FINCH BLUE ROOF
85224;ASSORTED COLOUR SILK GLASSES CASE
37449;CERAMIC CAKE STAND + HANGING CAKES
79191C;RETRO PLASTIC ELEPHANT TRAY
84459A;PINK METAL CHICKEN HEART 
22039;BOTANICAL LILY GIFT WRAP
20685;DOORMAT RED RETROSPOT
21696;SMALL SILVER TRELLIS CANDLEPOT
23274;STAR T-LIGHT HOLDER WILLIE WINKIE
21592;RETROSPOT CIGAR BOX MATCHES 
22426;ENAMEL WASH BOWL CREAM
35598D;PINK/WHITE CHRISTMAS TREE 60CM
23533;WALL ART GARDEN HAVEN 
23644;SET 10 CARDS CHRISTMAS TREE 16955
23101;SILVER STARS TABLE DECORATION
23247;BISCUIT TIN 50'S CHRISTMAS
23397;FOOT STOOL HOME SWEET HOME 
21882;SKULLS TAPE
35644;PAIR PINK/BLACK COATHANGERS
23458;DOLLY CABINET 3 DRAWERS 
21242;RED RETROSPOT PLATE 
21174;POTTERING IN THE SHED METAL SIGN
23312;VINTAGE CHRISTMAS GIFT SACK
22700;BLACK AND WHITE DOG BOWL
84802A;WHITE ANEMONE ARTIFICIAL FLOWER
23210;WHITE ROCKING HORSE HAND PAINTED
22825;DECORATIVE PLANT POT WITH FRIEZE
22964;3 PIECE SPACEBOY COOKIE CUTTER SET
48138;DOORMAT UNION FLAG
22714;CARD BIRTHDAY COWBOY
20619;TROPICAL PASSPORT COVER 
46138B;BLUE CHENILLE SHAGGY CUSHION COVER 
21270;ANTIQUE CREAM CUTLERY CUPBOARD
20749;ASSORTED COLOUR MINI CASES
18097C;WHITE TALL PORCELAIN T-LIGHT HOLDER
90067A;PINK VINTAGE VICTORIAN EARRINGS
82600;NO SINGING METAL SIGN
22135;LADLE LOVE HEART PINK
84908A;PINK 5 PATCH FLOWER CUSHION COVER 
81952V;ROUND PURPLE CLOCK W/SUCKER
23231;WRAP  VINTAGE DOILY 
22588;CARD HOLDER GINGHAM HEART
21439;BASKET OF TOADSTOOLS
23018;LARGE APOTHECARY MEASURING JAR 
20760;GARDEN PATH POCKET BOOK
17012D;ORIGAMI ROSE INCENSE/CANDLE SET 
22189;CREAM HEART CARD HOLDER
22446;PIN CUSHION BABUSHKA PINK
23203;JUMBO BAG DOILEY PATTERNS
22910;PAPER CHAIN KIT VINTAGE CHRISTMAS
23314;VINTAGE CHRISTMAS TABLECLOTH
22405;MONEY BOX POCKET MONEY DESIGN
21832;CHOCOLATE CALCULATOR
23527;ANIMALS AND NATURE WALL ART
21813;GARLAND WITH STARS AND BELLS
37477C;FLOWER FAIRY MUG+COASTER,ROSE
22983;CARD BILLBOARD FONT
21991;BOHEMIAN COLLAGE STATIONERY SET
35001G;HAND OPEN SHAPE GOLD
22989;SET 2 PANTRY DESIGN TEA TOWELS
84842;HELLO SAILOR BATHROOM SET
23358;HOT STUFF HOT WATER BOTTLE
21218;RED SPOTTY BISCUIT TIN
85230B;CINNAMON SCENTED VOTIVE CANDLE
47590B;PINK HAPPY BIRTHDAY BUNTING
16219;HOUSE SHAPE PENCIL SHARPENER
84951B;SET OF 4 BLACK LOVEBIRD COASTERS
22292;HANGING CHICK  YELLOW DECORATION
85130D;BEADED CRYSTAL HEART PINK LARGE
90122C;TURQUOISE CRYSTAL+GLASS BRACELET
21472;LADYBIRD + BEE RAFFIA FOOD COVER
22507;MEMO BOARD RETROSPOT  DESIGN
21220;SET/4 BADGES DOGS
22483;RED GINGHAM TEDDY BEAR 
85016;SET OF 6 VINTAGE NOTELETS KIT
21659;GLASS CAKE STAND
21972;SET OF 36 DINOSAUR PAPER DOILIES
23303;SET 4 PICNIC CUTLERY FONDANT
22973;CHILDREN'S CIRCUS PARADE MUG
22871;NUMBER TILE COTTAGE GARDEN 3 
85027L;FRENCH CHATEAU LARGE PLATTER 
37477B;FLOWER FAIRY MUG+COASTER,LAVENDER
23234;BISCUIT TIN VINTAGE CHRISTMAS
23457;LARGE PARLOUR PICTURE FRAME
85017B;ENVELOPE 50 BLOSSOM IMAGES
21651;HANGING GLASS ETCHED TEALIGHT
90112;PINK DOLLY HAIR CLIPS
22571;ROCKING HORSE RED CHRISTMAS 
16169E;WRAP 50'S  CHRISTMAS
22149;FELTCRAFT 6 FLOWER FRIENDS
85096;HILDA CANDY SPOT RABBIT
21082;SET/20 FRUIT SALAD PAPER NAPKINS 
23319;BOX OF 6 MINI 50'S CRACKERS
22301;COFFEE MUG CAT + BIRD DESIGN
23100;SILVER BELLS TABLE DECORATION
22171;3 HOOK PHOTO SHELF ANTIQUE WHITE
84465;15 PINK FLUFFY CHICKS IN BOX
16216;LETTER SHAPE PENCIL SHARPENER
22814;CARD PARTY GAMES 
82001S;VINYL RECORD FRAME SILVER
20973;12 PENCIL SMALL TUBE WOODLAND
44089A;PINK GAUZE BUTTERFLY LAMPSHADE
90152A;SILVER/NAT SHELL NECKLACE W PENDANT
23078;ICE CREAM PEN LIP GLOSS 
21847;GREEN  DIAMANTE PEN IN GIFT BOX
84839;SWEETHEART KEY CABINET
10123G;ARMY CAMO WRAPPING TAPE
21610;SET 12 PEAR BOTANICAL T-LIGHTS
17084J;LOVE POTION MASALA INCENSE
21058;PARTY INVITES WOODLAND
22980;PANTRY SCRUBBING BRUSH
72807B;SET/3 OCEAN SCENT CANDLE JEWEL BOX
10124G;ARMY CAMO BOOKCOVER TAPE
22336;DOVE DECORATION PAINTED ZINC 
17107D;FLOWER FAIRY,5 SUMMER B'DRAW LINERS
72351A;SET/6 TURQUOISE BUTTERFLY T-LIGHTS
22181;SNOWSTORM PHOTO FRAME FRIDGE MAGNET
23143;ZINC WIRE KITCHEN ORGANISER
21735;TWO DOOR CURIO CABINET
84924D;LA PALMIERA METAL SIGN CALENDAR
16236;KITTY PENCIL ERASERS
84832;ZINC WILLIE WINKIE  CANDLE STICK
20851;ZINC HEART LATTICE TRAY OVAL 
23196;VINTAGE LEAF MAGNETIC NOTEPAD
90185B;AMETHYST DIAMANTE EXPANDABLE RING
20998;ROSE DU SUD OVEN GLOVE
21686;MEDINA STAMPED METAL STOOL
23235;STORAGE TIN VINTAGE LEAF
22285;HANGING HEN ON NEST DECORATION
82001s;SILVER RECORD COVER FRAME
22855;FINE WICKER HEART 
84510a;SET OF 4 ENGLISH ROSE COASTERS
23531;WALL ART BIG LOVE 
23375;50'S CHRISTMAS PAPER GIFT BAG
21262;WHITE GOOSE FEATHER CHRISTMAS TREE 
23459;DOLLY CABINET 2 DRAWERS 
21400;RED PUDDING SPOON
22424;ENAMEL BREAD BIN CREAM
84968E;SET OF 16 VINTAGE BLACK CUTLERY
21064;BOOM BOX SPEAKER BOYS
20657;TROPICAL LUGGAGE TAG
20957;PORCELAIN HANGING BELL SMALL
37491A;YELLOW/PINK CERAMIC CANDLE HOLDER
21827;EIGHT PIECE CREEPY CRAWLIE SET
23243;SET OF TEA COFFEE SUGAR TINS PANTRY
17091J;VANILLA INCENSE IN TIN
20839;FRENCH PAISLEY CUSHION COVER 
20982;12 PENCILS TALL TUBE SKULLS
23475;WOODLAND SMALL PINK FELT HEART
84617;NEW BAROQUE BLACK BOXES
23389;SPACEBOY MINI BACKPACK
20829;GLITTER HANGING BUTTERFLY STRING
21774;DECORATIVE CATS BATHROOM BOTTLE
23347;I LOVE LONDON BEAKER
90161C;ANT COPPER LIME BOUDICCA BRACELET
85230G;ORANGE VOTIVE CANDLE
85071D;CHARLIE+LOLA MY ROOM DOOR SIGN
22976;CIRCUS PARADE CHILDRENS EGG CUP 
22345;PARTY PIZZA DISH BLUE POLKADOT
35913B;WHITE/PINK CHICK EASTER DECORATION
22511;RETROSPOT BABUSHKA DOORSTOP
35958;FOLKART ZINC STAR CHRISTMAS DEC
23115;RED APPLES CHOPPING BOARD   
22708;WRAP DOLLY GIRL
22078;RIBBON REEL LACE DESIGN 
23507;MINI PLAYING CARDS BUFFALO BILL 
21100;CHARLIE AND LOLA CHARLOTTE BAG
22616;PACK OF 12 LONDON TISSUES 
20836;FRENCH PAISLEY CUSHION COVER
84086C;PINK/PURPLE RETRO RADIO
21688;SILVER PLATE CANDLE BOWL SMALL
22117;METAL SIGN HER DINNER IS SERVED 
21761;WOOD AND GLASS MEDICINE CABINET
85160B;BLACK BIRD GARDEN DESIGN MUG
21393;BLUE POLKADOT PUDDING BOWL
21787;RAIN PONCHO RETROSPOT
23219;LAUREL STAR ANTIQUE SILVER 
21374;MIRRORED WALL ART SKULLS
90018C;SILVER BLACK ORBIT DROP EARRINGS
37489D;PINK/GREEN FLOWER DESIGN BIG MUG
21662;VINTAGE GLASS COFFEE CADDY
90116;FRUIT SALAD BAG CHARM
22314;OFFICE MUG WARMER CHOC+BLUE
23597;PAPER BUNTING PAISLEY PARK
90178B;PURPLE CHUNKY GLASS+BEAD NECKLACE
51014A;FEATHER PEN,HOT PINK
22933;BAKING MOULD EASTER EGG MILK CHOC
21268;VINTAGE BLUE TINSEL REEL
22856;ASSORTED EASTER DECORATIONS  BELLS
22145;CHRISTMAS CRAFT HEART STOCKING 
16169K;WRAP FOLK ART
21216;SET 3 RED SPOT TIN TEA,COFFEE,SUGAR
21189;WHITE HONEYCOMB PAPER GARLAND 
21221;SET/4 BADGES CUTE CREATURES
23317;BLUE REFECTORY CLOCK 
22293;SPRING DEC , HANGING CHICK  GREEN
21992;VINTAGE PAISLEY STATIONERY SET
23366;SET 12 COLOURING PENCILS DOILY
23436;VINTAGE CHRISTMAS GIFT BAG LARGE 
20981;12 PENCILS TALL TUBE WOODLAND
15058C;ICE CREAM DESIGN GARDEN PARASOL
21626;VINTAGE UNION JACK PENNANT
85186C;BUNNY EGG GARLAND
78033;FLAG OF ST GEORGE CHAIR
22902;TOTE BAG I LOVE LONDON
21528;DAIRY MAID TRADITIONAL TEAPOT 
23529;WALL ART DOLLY GIRL 
85205B;PINK FELT EASTER RABBIT GARLAND
21993;FLORAL FOLK STATIONERY SET
35953;FOLKART STAR CHRISTMAS DECORATIONS
85124B;BLUE JUICY FRUIT PHOTO FRAME
51008;AFGHAN SLIPPER SOCK PAIR
20823;GOLD WINE GOBLET
21371;MIRRORED WALL ART POPPIES
90202D;PINK ENAMEL FLOWER HAIR TIE
72801C;4 ROSE PINK DINNER CANDLES
90214I;"LETTER ""I"" BLING KEY RING"
22188;BLACK HEART CARD HOLDER
23225;CHERUB HEART DECORATION SILVER 
22423;REGENCY CAKESTAND 3 TIER
23114;VINTAGE LEAF CHOPPING BOARD  
21563;RED HEART SHAPE LOVE BUCKET 
21746;SMALL RED RETROSPOT WINDMILL
22599;CHRISTMAS MUSICAL ZINC STAR
22603;CHRISTMAS RETROSPOT TREE WOOD
21850;BLUE  DIAMANTE PEN IN GIFT BOX
90069;RUBY GLASS CLUSTER NECKLACE
90214P;"LETTER ""P"" BLING KEY RING"
22602;RETROSPOT WOODEN HEART DECORATION
21683;MEDIUM MEDINA STAMPED METAL BOWL 
84997c;BLUE 3 PIECE POLKADOT CUTLERY SET
21533;RETROSPOT LARGE MILK JUG
21899;KEY FOB , GARAGE DESIGN
23291;DOLLY GIRL CHILDRENS CUP
21452;TOADSTOOL MONEY BOX
23400;SHELF WITH 4 HOOKS HOME SWEET HOME
85035A;GARDENIA 3 WICK MORRIS BOXED CANDLE
23090;VINTAGE GLASS T-LIGHT HOLDER
90183c;BLACK DROP EARRINGS W LONG BEADS
23307;SET OF 60 PANTRY DESIGN CAKE CASES 
90070;RUBY GLASS CLUSTER BRACELET
21121;SET/10 RED SPOTTY PARTY CANDLES
45013;FOLDING SHOE TIDY
46776a;WOVEN BUBBLE GUM CUSHION COVER
22291;HANGING CHICK CREAM DECORATION
21004;ROSE DU SUD CHILDRENS APRON
22192;BLUE DINER WALL CLOCK
21115;ROSE CARAVAN DOORSTOP
21888;BINGO SET
22402;MAGNETS PACK OF 4 VINTAGE COLLAGE
90206C;CRYSTAL DIAMANTE STAR BROOCH
85206A;CREAM FELT EASTER EGG BASKET
21904;HOUSE WRECKING METAL SIGN 
22696;WICKER WREATH LARGE
21619;4 VANILLA BOTANICAL CANDLES
22243;HOOK, 5 HANGER ,MAGIC TOADSTOOL RED
90025F;BAROQUE BUTTERFLY EARRINGS CRYSTAL
23404;HOME SWEET HOME BLACKBOARD
84519A;TOMATO CHARLIE+LOLA COASTER SET
22476;EMPIRE UNION JACK TV DINNER TRAY
85169B;BLACK LOVE BIRD CANDLE
22900; SET 2 TEA TOWELS I LOVE LONDON 
21671;RED SPOT CERAMIC DRAWER KNOB
23528;SPACEBOY WALL ART
22891;TEA FOR ONE POLKADOT
23456;MEDIUM PARLOUR FRAME 
20653;CHERRY BLOSSOM LUGGAGE TAG
23466;TUSCAN VILLA DOVECOTE
23628;SET 10 CARDS TRIANGLE ICONS  17220
21615;4 LAVENDER BOTANICAL DINNER CANDLES
22995;TRAVEL CARD WALLET SUKI
21535;RED RETROSPOT SMALL MILK JUG
21877;HOME SWEET HOME MUG
10133;COLOURING PENCILS BROWN TUBE
22732;3D STICKERS VINTAGE CHRISTMAS
84509F;SET OF 4 NEW ENGLAND PLACEMATS
84799;SPRIG LAVENDER ARTIFICIAL FLOWER
84031A;CHARLIE+LOLA RED HOT WATER BOTTLE 
21378;SMALL TALL CAMPHOR WOOD TOADSTOOL
23579;SNACK TRAY I LOVE LONDON
23396;LA JARDIN BOTANIQUE CUSHION COVER
37479P;CUBIC MUG FLOCK PINK ON BROWN
21722;SWEET PUDDING STICKER SHEET
22889;NUMBER TILE VINTAGE FONT, No 
22470;HEART OF WICKER LARGE
23093;SMALL PARISIENNE HEART PHOTO FRAME 
21724;PANDA AND BUNNIES STICKER SHEET
21291;SMALL SPOTTY CHOCOLATE GIFT BAG 
21721;CANDY SHOP  STICKER SHEET
21172;PARTY METAL SIGN 
85179a;GREEN BITTY LIGHT CHAIN
84917;WHITE HAND TOWEL WITH BUTTERFLY
23013;GLASS APOTHECARY BOTTLE TONIC
90205A;LARGE MINT DIAMANTE HAIRSLIDE
21875;KINGS CHOICE MUG
23053;RECYCLED ACAPULCO MAT PINK
20972;PINK CREAM FELT CRAFT TRINKET BOX 
22969;HOMEMADE JAM SCENTED CANDLES
22775;PURPLE DRAWERKNOB ACRYLIC EDWARDIAN
21708;FOLDING UMBRELLA CREAM POLKADOT
23521;WALL ART CAT AND BIRD 
22884;NUMBER TILE VINTAGE FONT 5
85040B;SET/4 BLUE FLOWER CANDLES IN BOWL
22602;CHRISTMAS RETROSPOT HEART WOOD
21445;12 PINK ROSE PEG PLACE SETTINGS
22928;YELLOW GIANT GARDEN THERMOMETER
21509;COWBOYS AND INDIANS BIRTHDAY CARD 
10120;DOGGY RUBBER
84920;PINK FLOWER FABRIC PONY
21131;GOLD STANDING GNOME
84086B;YELLOW/BLUE RETRO RADIO
20725;LUNCH BAG RED RETROSPOT
22946;WOODEN ADVENT CALENDAR CREAM
22797;CHEST OF DRAWERS GINGHAM HEART 
72780;BLACK SILOUETTE CANDLE PLATE
90005A;JADE GREEN ENAMEL HAIR COMB
22810;SET OF 6 T-LIGHTS SNOWMEN
17090A;LAVENDER INCENSE 40 CONES IN TIN
84356;POMPOM CURTAIN
35001W;HAND OPEN SHAPE DECO.WHITE
44235;ASS COL CIRCLE MOBILE 
82600;N0 SINGING METAL SIGN
90180B;PURPLE AMETHYST NECKLACE W TASSEL
82597;BOMBS AWAY METAL SIGN
20892;SET/3 TALL GLASS CANDLE HOLDER PINK
22635;CHILDS BREAKFAST SET DOLLY GIRL 
21936;RED RETROSPOT PICNIC BAG
20707;CRAZY DAISY HEART DECORATION
21034;REX CASH+CARRY JUMBO SHOPPER
22592;CARDHOLDER HOLLY WREATH METAL
21586;KINGS CHOICE GIANT TUBE MATCHES
22606;WOODEN SKITTLES GARDEN SET
22633;HAND WARMER UNION JACK
90152B;BLUE/GREEN SHELL NECKLACE W PENDANT
23293;SET OF 12 FAIRY CAKE BAKING CASES
23499;SET 12 VINTAGE DOILY CHALK 
21672;WHITE SPOT RED CERAMIC DRAWER KNOB
22733;3D STICKERS TRADITIONAL CHRISTMAS 
21274;EMBOSSED HEART 3 DRAWER SHELF
16206B;RED PURSE WITH PINK HEART
22805;BLUE DRAWER KNOB ACRYLIC EDWARDIAN
90087;CRYSTAL SEA HORSE PHONE CHARM
90036E;"FLOWER GLASS GARLD NECKL36""AMETHYST"
20826;SILVER APERITIF GLASS
23072;MARIE ANTOINETTE TRINKET BOX SILVER
22554;PLASTERS IN TIN WOODLAND ANIMALS
22422;TOOTHPASTE TUBE PEN
20725;LUNCH BAG RED SPOTTY
84963B;BLUE PAINTED KASHMIRI CHAIR
84638;SMALL KITCHEN FLOWER POTS PLAQUE
22852;DOG BOWL VINTAGE CREAM
22681;FRENCH BLUE METAL DOOR SIGN 6
37444C;PINK BREAKFAST CUP AND SAUCER 
85045;GREEN CHRISTMAS TREE STRING 20LIGHT
90050;CRACKED GLAZE NECKLACE IVORY
15036;ASSORTED COLOURS SILK FAN
22299;PIG KEYRING WITH LIGHT & SOUND 
22280;POCKET BAG PINK PAISELY BROWN SPOT
23025;DRAWER KNOB VINTAGE GLASS BALL
21984;PACK OF 12 PINK PAISLEY TISSUES 
15058B;PINK POLKADOT GARDEN PARASOL
75131;METAL TUBE CHIME ON BAMBOO
21934;SKULL SHOULDER BAG
22045;SPACEBOY GIFT WRAP
22515;CHILDS GARDEN SPADE PINK
47504H;ENGLISH ROSE SPIRIT LEVEL 
23462;ROCOCO WALL MIRROR WHITE
22924;FRIDGE MAGNETS LA VIE EN ROSE
22745;POPPY'S PLAYHOUSE BEDROOM 
23017;APOTHECARY MEASURING JAR
23043;PAPER LANTERN 9 POINT HOLLY STAR L
23153;ZINC SWEETHEART WIRE LETTER RACK
22806;SET OF 6 T-LIGHTS WEDDING CAKE 
23327;HANGING CLEAR MINI BOTTLE
90031;BILI NUT AND WOOD NECKLACE
22058;CERAMIC LOVE HEARTS DESIGN MUG
85031C;CURIOUS IMAGES SCRAP BOOK SET
22965;3 TRADITIONAL COOKIE CUTTERS  SET
22950;SET OF 36 VINTAGE CHRISTMAS DOILIES
84616;SILVER ROCCOCO CHANDELIER
21398;RED POLKADOT COFFEE  MUG
22997;TRAVEL CARD WALLET UNION JACK
22281;EASTER TREE YELLOW BIRDS
72128;COLUMBIAN CANDLE ROUND
90033;IVORY SHELL HEART EARRINGS
22841;ROUND CAKE TIN VINTAGE GREEN
22837;HOT WATER BOTTLE BABUSHKA LARGE
21391;FRENCH EMROIDR LAVENDER SCENT HEART
22151;PLACE SETTING WHITE HEART
22436;12 COLOURED PARTY BALLOONS
21684;SMALL MEDINA STAMPED METAL BOWL 
20616;CHERRY BLOSSOM PASSPORT COVER
23388;WOODLAND MINI BACKPACK
22733;3D TRADITIONAL CHRISTMAS STICKERS
22804;CANDLEHOLDER PINK HANGING HEART
84847;FLORAL BATHROOM SET
20663;QUEEN OF THE SKIES HOLIDAY PURSE 
84858C;PINK RIVIERA HANDBAG
22879;NUMBER TILE VINTAGE FONT 0
47341A;FUSCHIA TABLE RUN FLOWER 
84536b;FAIRY CAKES NOTEBOOK A7 SIZE
85186A;EASTER BUNNY GARLAND OF FLOWERS
35610B;BLACK CHRISTMAS FLOCK DROPLET 
23068;ALUMINIUM STAMPED HEART
21871;SAVE THE PLANET MUG
90032;IVORY SHELL HEART NECKLACE
47556B;TEA TIME TEA TOWELS 
46776B;WOVEN BERRIES CUSHION COVER 
23466;TUSCAN VILLA DOVECOTE BIRD FEEDER
84997C;BLUE 3 PIECE POLKADOT CUTLERY SET
23548;WRAP MAGIC FOREST 
35599B;BLACK CHRISTMAS TREE 120CM
90214Y;"LETTER ""Y"" BLING KEY RING"
23366;SET 12 COLOURING PENCILS DOILEY
23197;SKETCHBOOK MAGNETIC SHOPPING LIST
23477;WOODLAND LARGE BLUE FELT HEART
22975;SPACEBOY CHILDRENS EGG CUP
90133;TEAL/FUSCHIA COL BEAD NECKLACE
23526;DOG LICENCE WALL ART
82011C;BATHROOM SCALES FOOTPRINTS IN SAND
84584;PINK GINGHAM CAT WITH SCARF
21781;MA CAMPAGNE CUTLERY BOX
90064B;BLACK VINTAGE  CRYSTAL EARRINGS
85049G;CHOCOLATE BOX RIBBONS 
84899F;YELLOW PURPLE DAISY FELT PURSE KIT
90024B;NEW BAROQUE B'FLY NECKLACE RED
37467;PIG MUG IN TWO COLOUR DESIGNS
23305;SET 4 PICNIC CUTLERY BLUEBERRY
23413;DECROTIVEVINTAGE COFFEE GRINDER BOX
22762;CUPBOARD 3 DRAWER MA CAMPAGNE
23512;EMBROIDERED RIBBON REEL ROSIE
23369;SET 36 COLOUR PENCILS LOVE LONDON
21330;WOODLAND ANIMAL  WRITING SET 
23389;SPACEBOY MINI RUCKSACK
21041;RED RETROSPOT OVEN GLOVE DOUBLE
22707;WRAP MONSTER FUN 
22521;CHILDS GARDEN TROWEL PINK
35912B;WHITE/PINK CHICK DECORATION
21757;LIGHTHOUSE PRINTED METAL SIGN
22129;PARTY CONES CANDY TREE DECORATION
21441;BLUE BIRDHOUSE DECORATION
22516;CHILDS GARDEN RAKE BLUE
23542;70'S ALPHABET WALL ART
22027;TEA PARTY BIRTHDAY CARD
20931;BLUE POT PLANT CANDLE 
22486;PLASMATRONIC LAMP
23281;FOLDING BUTTERFLY MIRROR RED  
23455;SMALL PARLOUR FRAME
79063D;RETRO PILL BOX , REVOLUTIONARY
90014A;SILVER/MOP ORBIT NECKLACE
23557;LANDMARK FRAME BAKER STREET 
84813;SET OF 4 DIAMOND NAPKIN RINGS
20977;36 PENCILS TUBE WOODLAND
23131;MISTLETOE HEART WREATH CREAM
21239;PINK  POLKADOT CUP
90166;PINK & WHITE ROSEBUD RING
90177B;DROP DIAMANTE EARRINGS BLACK DIAMON
22332;SKULLS PARTY BAG + STICKER SET
21250;SET OF SKULL WALL STICKERS
20971;PINK BLUE FELT CRAFT TRINKET BOX
47593B;SCOTTIE DOGS BABY BIB
21465;PINK FLOWER CROCHET FOOD COVER
85088;CANDY SPOT HAND BAG
90129F;RED GLASS TASSLE BAG CHARM
79160;HEART SHAPE WIRELESS DOORBELL
23103;JINGLE BELL HEART DECORATION
72133;COLUMBIAN CANDLE RECTANGLE
85144;JARDIN ETCHED GLASS BUTTER DISH
23131;MISELTOE HEART WREATH WHITE
22579;WOODEN TREE CHRISTMAS SCANDINAVIAN
22209;WOOD STAMP SET HAPPY BIRTHDAY
37495;FAIRY CAKE BIRTHDAY CANDLE SET
85214;TUB 24 PINK FLOWER PEGS
22328;ROUND SNACK BOXES SET OF 4 FRUITS 
22419;LIPSTICK PEN RED
22661;CHARLOTTE BAG DOLLY GIRL DESIGN
21155;RED RETROSPOT PEG BAG
85062;PEARL CRYSTAL PUMPKIN T-LIGHT HLDR
22785;SQUARECUSHION COVER PINK UNION JACK
22254;FELT TOADSTOOL LARGE
21937;STRAWBERRY   PICNIC BAG
22410;MONEY BOX HOUSEKEEPING DESIGN
23422;PANTRY HOOK BALLOON WHISK 
22655;VINTAGE RED KITCHEN CABINET
22099;CARAVAN SQUARE TISSUE BOX
22634;CHILDS BREAKFAST SET SPACEBOY 
21636;MADRAS NOTEBOOK MEDIUM
22985;WRAP BILLBOARD FONTS DESIGN
21038;SET/4 MODERN VINTAGE COTTON NAPKINS
90178A;AMBER CHUNKY GLASS+BEAD NECKLACE
22360;GLASS JAR ENGLISH CONFECTIONERY
17136A;BLUE STONES ON WIRE FOR CANDLE
23660;HENRIETTA HEN MUG 
90201C;RED ENAMEL FLOWER RING
22706;WRAP COWBOYS  
23071;MARIE ANTOINETTE TRINKET BOX GOLD
47341B;BLUE TABLE RUN FLOWER
21123;SET/10 IVORY POLKADOT PARTY CANDLES
AMAZONFEE;AMAZON FEE
47594B;SCOTTIES DESIGN WASHBAG
23578;SNACK TRAY RED GINGHAM
46000S;POLYESTER FILLER PAD 40x40cm
85025B;EAU DE NILE HEART SHAPE PHOTO FRAME
23151;ZINC SWEETHEART SOAP DISH
23478;WOODLAND LARGE PINK FELT HEART
22319;HAIRCLIPS FORTIES FABRIC ASSORTED
23048;SET OF 10 LANTERNS FAIRY LIGHT STAR
90211A;DIAMOND LAS VEGAS NECKLACE 45CM
90054;CRACKED GLAZE EARRINGS RED
20679;EDWARDIAN PARASOL RED
22653;BUTTON BOX 
22246;MAGIC GARDEN FELT GARLAND 
72369A;PINK CLEAR GLASS CANDLE PLATE
85160a;WHITE BIRD GARDEN DESIGN MUG
23008;DOLLY GIRL BABY GIFT SET
23265;SET OF 3 WOODEN TREE DECORATIONS
21263;GREEN GOOSE FEATHER TREE 60CM
22094;RED RETROSPOT TISSUE BOX
90039C;FIRE POLISHED GLASS BRACELET BLACK
85166B;BLACK METAL BAROQUE PHOTO FRAME
81950B;FLOWER BLUE CLOCK W/SUCKER
21264;WHITE GOOSE FEATHER TREE 60CM 
22898;CHILDRENS APRON APPLES DESIGN
23556;LANDMARK FRAME COVENT GARDEN 
23342;MINT DINER WALL CLOCK
35991;SET/6 BLACK SNOWFLAKE T-LIGHTS 
84849B;FAIRY SOAP SOAP HOLDER
23188;VINTAGE  2 METRE FOLDING RULER
90214S;"LETTER ""S"" BLING KEY RING"
47580;TEA TIME DES TEA COSY
90003E;GREEN PAIR HEART HAIR SLIDES
22353;LUNCH BOX WITH CUTLERY FAIRY CAKES 
22309;TEA COSY RED  STRIPE
23391; I LOVE LONDON MINI BACKPACK
90198A;VINTAGE ROSE BEAD BRACELET RASPBERR
72801d;4 SKY BLUE DINNER CANDLES
23320;GIANT 50'S CHRISTMAS CRACKER
23371;SET 36 COLOUR PENCILS SPACEBOY 
23547;WRAP FLOWER SHOP  
21030;SPACE CADET RED
22920;HERB MARKER BASIL
22676;FRENCH BLUE METAL DOOR SIGN, 1
22870;NUMBER TILE COTTAGE GARDEN, 2
85035c;ROSE 3 WICK MORRIS BOX CANDLE
21812;GARLAND WITH HEARTS AND BELLS
23186;FRENCH STYLE STORAGE JAR CAFE 
22837;HOT WATER BOTTLE BABUSHKA 
20724;RED SPOTTY CHARLOTTE BAG
20711;JUMBO BAG TOYS 
22996;TRAVEL CARD WALLET VINTAGE TICKET
21500;PINK POLKADOT WRAP 
22492;MINI PAINT SET VINTAGE 
23287;RED VINTAGE SPOT BEAKER
21579;LOLITA  DESIGN  COTTON TOTE BAG
47021G;SET/6 BEAD COASTERS GAUZE BAG GOLD
84975;HEART SHAPED MIRROR
23216;LAUREL HEART ANTIQUE GOLD
47518F;ICON PLACEMAT POP ART ELVIS
37327;ASSTD MULTICOLOUR CIRCLES MUG
23066;SMALL DECO JEWELLERY STAND
21524;DOORMAT SPOTTY HOME SWEET HOME
85078;SCANDINAVIAN 3 HEARTS NAPKIN RING
21903;MAN FLU METAL SIGN
21518;BANK ACCOUNT  GREETING  CARD 
22632;HAND WARMER RED RETROSPOT
20775;DAISY NOTEBOOK 
84527;FLAMES SUNGLASSES PINK LENSES
23436;GIFT BAG LARGE VINTAGE CHRISTMAS
22690;DOORMAT HOME SWEET HOME BLUE 
22816;CARD MOTORBIKE SANTA
21147;JINGLE BELLS TREE DECORATION
90101;WHITE FRANGIPANI NECKLACE
84913A;SOFT PINK ROSE TOWEL 
21002;ROSE DU SUD DRAWSTRING BAG
79191B;RETRO PLASTIC POLKA TRAY
79190B;RETRO PLASTIC POLKA TRAY
23391; I LOVE LONDON MINI RUCKSACK
23339;EGG FRYING PAN BLUE 
23451;SQUARE MINI PORTRAIT FRAME
22607;WOODEN ROUNDERS GARDEN SET 
22316;200 BENDY SKULL STRAWS
85048;15CM CHRISTMAS GLASS BALL 20 LIGHTS
22963;JAM JAR WITH GREEN LID
84609;TALL ROCOCO CANDLE HOLDER
23120;PACK OF 6 SMALL FRUIT STRAWS
21698;MOCK LOBSTER FRIDGE MAGNET
23140;TRIPLE WIRE HOOK IVORY HEART
22909;SET OF 20 VINTAGE CHRISTMAS NAPKINS
22811;SET OF 6 T-LIGHTS CACTI 
23409;PHOTO FRAME LINEN AND LACE LARGE
85194S;HANGING SPRING FLOWER EGG SMALL
35819P;ACRYLIC HANGING JEWEL,PINK
47016;LIGHT DECORATION BATTERY OPERATED
23069;EDWARDIAN PHOTO FRAME
22070;SMALL RED RETROSPOT MUG IN BOX 
22479;DAISY GARDEN MARKER
21976;PACK OF 60 MUSHROOM CAKE CASES
20832;RED FLOCK LOVE HEART PHOTO FRAME
22984;CARD GINGHAM ROSE 
21587;COSY HOUR GIANT TUBE MATCHES
37491D;PURPLE/BLUE CERAMIC CANDLE HOLDER
90214T;"LETTER ""T"" BLING KEY RING"
23553;LANDMARK FRAME CAMDEN TOWN 
22903;CALENDAR FAMILY FAVOURITES
84971l;LARGE HEART FLOWERS HOOK   
20801;LARGE PINK GLASS SUNDAE DISH
90184B;AMETHYST CHUNKY BEAD BRACELET W STR
23503;PLAYING CARDS KEEP CALM & CARRY ON
23183;MOTHER'S KITCHEN SPOON REST 
23513;EMBROIDERED RIBBON REEL SUSIE 
22613;PACK OF 20 SPACEBOY NAPKINS
22065;CHRISTMAS PUDDING TRINKET POT 
22379;RECYCLING BAG RETROSPOT 
21756;BATH BUILDING BLOCK WORD
22214;CANDLE PLATE LACE WHITE
72750B;FLOWER FAIRY SET 3 CANDLES LAVENDER
46115B;GREEN POP ART MAO CUSHION COVER 
22092;BLUE PAISLEY TISSUE BOX
22307;GOLD MUG BONE CHINA TREE OF LIFE
90098;NECKLACE+BRACELET PINK BUTTERFLY
84341B;SMALL PINK MAGIC CHRISTMAS TREE
90179C;BLACK FINE BEAD NECKLACE W TASSEL
84596K;JELLY BABIES YELLOW SMALL BOWL
21369;MIRRORED WALL ART SPLODGES
21726;MULTI HEARTS  STICKERS
23268;SET OF 2 CERAMIC CHRISTMAS REINDEER
23020;GLASS SONGBIRD STORAGE JAR
22812;PACK 3 BOXES CHRISTMAS PANNETONE
85040a;S/4 PINK FLOWER CANDLES IN BOWL
22184;CAKE STAND VICTORIAN FILIGREE LARGE
22480;RED TEA TOWEL CLASSIC DESIGN
22682;FRENCH BLUE METAL DOOR SIGN, 7
22872;NUMBER TILE COTTAGE GARDEN, 4
21485;RED SPOT HEART HOT WATER BOTTLE
22666;RECIPE BOX PANTRY YELLOW DESIGN
20696;FLORAL SOFT CAR TOY
22883;NUMBER TILE VINTAGE FONT 4
90104;PURPLE FRANGIPANI HAIRCLIP
21012;ANTIQUE ALL GLASS CANDLESTICK
22129;PARTY CONES CANDY DECORATION
22669;RED BABY BUNTING 
21788;KIDS RAIN MAC BLUE
21694;SMALL REGAL  SILVER CANDLEPOT 
22180;RETROSPOT LAMP
22930;BAKING MOULD HEART MILK CHOCOLATE
85064;CREAM SWEETHEART LETTER RACK
22846;BREAD BIN, DINER STYLE, RED 
23082;SET 6 PAPER TABLE LANTERN HEARTS 
22384;LUNCH BAG PINK POLKADOT
23283;DOORMAT VINTAGE LEAF
15056BL;EDWARDIAN PARASOL BLACK
21427;SKULLS STORAGE BOX SMALL
23296;SET OF 6 TEA TIME BAKING CASES
22243;5 HOOK HANGER RED MAGIC TOADSTOOL
90141E;ORANGE PENDANT TRIPLE SHELL NECKLAC
22178;VICTORIAN GLASS HANGING T-LIGHT
23014;GLASS APOTHECARY BOTTLE ELIXIR
21723;ALPHABET HEARTS STICKER SHEET
84457;SET/3 RABBITS FLOWER SKIPPPING ROPE
22880;NUMBER TILE VINTAGE FONT 1
84732B;CUTE BIRD CEATURE SCREEN
22998;TRAVEL CARD WALLET KEEP CALM
22546;MINI JIGSAW PURDEY
22604;SET OF 4 NAPKIN CHARMS CUTLERY
22535;MAGIC DRAWING SLATE BUNNIES 
72816;SET/3 CHRISTMAS DECOUPAGE CANDLES
22084;PAPER CHAIN KIT EMPIRE
21412;VINTAGE GOLD TINSEL REEL
84870C;GREEN GEISHA GIRL 
21380;WOODEN HAPPY BIRTHDAY GARLAND
22679;FRENCH BLUE METAL DOOR SIGN 4
21836;GINGHAM OVEN GLOVE RED HEART 
37444B;BLUE BREAKFAST CUP AND SAUCER 
22339;CHRISTMAS TREE PAINTED ZINC 
84922;PINK BUTTERFLY WASHBAG
37423;WHITE WITH BLACK CATS PLATE
22195;LARGE HEART MEASURING SPOONS
90026D;GLASS BEAD HOOP NECKLACE AMETHYST
40003;WHITE BAMBOO RIBS LAMPSHADE
23643;SET 10 CARDS CHRISTMAS BAUBLE 16954
21967;PACK OF 12 SKULL TISSUES
23227;FILIGREE HEART BUTTERFLY WHITE 
22681;FRENCH BLUE METAL DOOR SIGN, 6
21001;ROSE DU SUD WASHBAG 
23365;SET 12 COLOUR PENCILS LOVE LONDON
21879;HEARTS GIFT TAPE
23054;RECYCLED ACAPULCO MAT LAVENDER
22495;SET OF 2 ROUND TINS CAMEMBERT 
23424;GINGHAM RECIPE BOOK BOX
22718;CARD CAT AND TREE 
23610;SET 10 CARDS CHRISTMAS ROBIN 17095
84559b;3D SHEET OF CAT STICKERS
21809;CHRISTMAS HANGING TREE WITH BELL
84313C;ORANGE TV TRAY TABLE 
22062;CERAMIC BOWL WITH LOVE HEART DESIGN
22100;SKULLS SQUARE TISSUE BOX
21775;DECORATIVE FLORE BATHROOM BOTTLE
85176;SEWING SUSAN 21 NEEDLE SET
22897;OVEN MITT APPLE DESIGN
84912A;PINK ROSE WASHBAG
37501;TEA TIME TEA SET IN GIFT BOX
15044A;PINK PAPER PARASOL 
84596e;SMALL LICORICE DES PINK BOWL
23510;MINI PLAYING CARDS GYMKHANA
22134;MINI LADLE LOVE HEART RED 
22341;LOVE GARLAND PAINTED ZINC 
90013A;MIDNIGHT BLUE VINTAGE EARRINGS
20759;CHRYSANTHEMUM POCKET BOOK 
90187B;GREEN DROP EARRINGS W BEAD CLUSTER
21381;MINI WOODEN HAPPY BIRTHDAY GARLAND
23190;BUNDLE OF 3 SCHOOL EXERCISE BOOKS  
21015;DARK BIRD HOUSE TREE DECORATION
84989A;75 GREEN FAIRY CAKE CASES
21829;DINOSAUR KEYRINGS ASSORTED
85061W;WHITE JEWELLED HEART DECORATION
79030D;TUMBLER, BAROQUE
23398;HANGING HEART BONHEUR
90099;NECKLACE+BRACELET SET BLUE HIBISCUS
22953;BIRTHDAY BANNER TAPE
90210A;GREY ACRYLIC FACETED BANGLE
22326;ROUND SNACK BOXES SET OF4 WOODLAND 
23238;SET OF 4 KNICK KNACK TINS LONDON 
23299;FOOD COVER WITH BEADS SET 2 
22406;MONEY BOX KINGS CHOICE DESIGN
22840;ROUND CAKE TIN VINTAGE RED
90191;SILVER LARIAT 40CM
23624;SET 10 CARD PERFECT NATIVITY 17089
84715;SET OF 6 ICE CREAM SKITTLES
84856L;LARGE TAHITI BEACH BAG
23310;BUBBLEGUM RING ASSORTED
84596F;SMALL MARSHMALLOWS PINK BOWL
22827;RUSTIC  SEVENTEEN DRAWER SIDEBOARD
20902;VINTAGE KEEPSAKE BOX PARIS DAYS
20956;PORCELAIN T-LIGHT HOLDERS ASSORTED
90027D;GLASS BEAD HOOP EARRINGS AMETHYST
22894;TABLECLOTH RED APPLES DESIGN 
22310;IVORY KNITTED MUG COSY 
21240;BLUE POLKADOT CUP
23237;SET OF 4 KNICK KNACK TINS LEAF
23269;SET OF 2 CERAMIC CHRISTMAS TREES
23484;HEART TRELLISTRIPLE T-LIGHT HOLDER
22158;3 HEARTS HANGING DECORATION RUSTIC
23167;SMALL CERAMIC TOP STORAGE JAR 
23528;WALL ART SPACEBOY
85152;HAND OVER THE CHOCOLATE   SIGN 
72760B;VINTAGE CREAM 3 BASKET CAKE STAND
85049g;CHOCOLATE BOX RIBBONS 
90108;BLUE BLOSSOM HAIR CLIP
90137;PINK COMBO MINI CRYSTALS NECKLACE
22800;ANTIQUE TALL SWIRLGLASS TRINKET POT
20996;JAZZ HEARTS ADDRESS BOOK
85125;SMALL ROUND CUT GLASS CANDLESTICK
84711B;PINK OVAL SHAPE TRINKET BOX
85132A;CHARLIE + LOLA BISCUITS TINS
90173;PAIR BUTTERFLY HAIR CLIPS
23244;ROUND STORAGE TIN VINTAGE LEAF
85232B;SET OF 3 BABUSHKA STACKING TINS
21506;FANCY FONT BIRTHDAY CARD, 
22133;PINK LOVE HEART SHAPE CUP
CRUK;CRUK Commission
23065;LARGE DECO JEWELLERY STAND
72140F;HAPPY ANNIVERSARY CANDLE LETTERS
84843;WHITE SOAP RACK WITH 2 BOTTLES
84598;BOYS ALPHABET IRON ON PATCHES
21955;DOORMAT UNION JACK GUNS AND ROSES
90038A;GLASS AND PAINTED BEADS BRACELET TO
84562A;PINK/WHITE RIBBED MELAMINE JUG
35647;VINTAGE BEAD PINK SHADE 
23536;VILLAGE SHOW WALL ART
21458;2 PICTURE BOOK EGGS EASTER BUNNY
90214N;"LETTER ""N"" BLING KEY RING"
22699;ROSES REGENCY TEACUP AND SAUCER 
22355;CHARLOTTE BAG SUKI DESIGN
23338;EGG FRYING PAN RED 
23474;WOODLAND SMALL BLUE FELT HEART
37500;TEA TIME TEAPOT IN GIFT BOX
79403;FROSTED WHITE BASE 
22840;CAKE TIN, ROUND, VINTAGE RED,CREAM
18097A;PINK TALL PORCELAIN T-LIGHT HOLDER 
46776A;WOVEN BUBBLE GUM CUSHION COVER
79190D;RETRO PLASTIC DAISY TRAY
21867;PINK UNION JACK  LUGGAGE TAG
gift_0001_30;Dotcomgiftshop Gift Voucher £30.00
84846A;SCENTED CANDLE IN DIGITALIS TIN
84031a;CHARLIE+LOLA RED HOT WATER BOTTLE 
90176B;DIAMANTE NECKLACE BLACK 
21059;PARTY INVITES DINOSAURS
20871;OPULENT VELVET SET/3 CANDLES
23390;DOLLY GIRL MINI BACKPACK
23308;SET OF 60 VINTAGE LEAF CAKE CASES 
22642;SET OF 4 NAPKIN CHARMS STARS   
84796A;PINK HAWAIIAN PICNIC HAMPER FOR 2
85231B;CINAMMON SET OF 9 T-LIGHTS
20728;LUNCH BAG CARS BLUE
22532;MAGIC DRAWING SLATE LEAP FROG 
20798;CLEAR MILKSHAKE GLASS
23173;REGENCY TEAPOT ROSES 
21739;COSY SLIPPER SHOES SMALL GREEN
22538;MINI JIGSAW GO TO THE FAIR
90214R;"LETTER ""R"" BLING KEY RING"
85146;JARDIN ETCHED GLASS SMALL BELL JAR
22822;CREAM WALL PLANTER HEART SHAPED
21814;HEART T-LIGHT HOLDER 
21096;SET/6 FRUIT SALAD  PAPER PLATES
23109;PACK OF SIX LED TEA LIGHTS
23341;PINK DINER WALL CLOCK
21892;TRADITIONAL WOODEN CATCH CUP GAME 
22032;BOTANICAL LILY GREETING CARD
23051;RECYCLED ACAPULCO MAT BLUE
23047;PAPER LANTERN 5 POINT SEQUIN STAR
90042C;FRESHWATER PEARL BRACELET IVORY
16202E;BLACK PHOTO ALBUM 
84050;PINK HEART SHAPE EGG FRYING PAN
90014B;GOLD M.O.P. ORBIT NECKLACE
23171;REGENCY TEA PLATE GREEN 
21618;4 WILDFLOWER BOTANICAL CANDLES
85129B;BEADED CRYSTAL HEART GREEN SMALL
21895;POTTING SHED SOW 'N' GROW SET
22832;SWEETHEART WIRE WALL TIDY
90177A;CLASSIC DIAMANTE EARRINGS JET
84968e;SET OF 16 VINTAGE BLACK CUTLERY
84247L;FAWN AND MUSHROOM GREETING CARD
23083;SET 6 PAPER TABLE LANTERN STARS 
85185B;PINK HORSE SOCK PUPPET
90214U;"LETTER ""U"" BLING KEY RING"
22139;RETROSPOT TEA SET CERAMIC 11 PC 
22043;CHRISTMAS CARD SCREEN PRINT 
21154;RED RETROSPOT OVEN GLOVE 
90094;NECKLACE+BRACELET SET FRUIT SALAD 
23694;PAISLEY PARK CARD
21383;PACK OF 12 STICKY BUNNIES
90184C;BLACK CHUNKY BEAD BRACELET W STRAP
22543;MINI JIGSAW BAKE A CAKE 
22033;BOTANICAL ROSE GREETING CARD
20961;STRAWBERRY BATH SPONGE 
84673A;PINK FLY SWAT
90157;RIVIERA NECKLACE
22323;PINK POLKADOT KIDS BAG
22430;ENAMEL WATERING CAN CREAM
22992;REVOLVER WOODEN RULER 
71403;"PINK/WHITE ""KEEP CLEAN"" BULLET BIN"
90184A;AMBER CHUNKY BEAD BRACELET W STRAP
75049L;LARGE CIRCULAR MIRROR MOBILE
85161;ACRYLIC GEOMETRIC LAMP
20731;POSY CANDY BAG
84927A;WAKE UP COCKEREL TILE HOOK
22268;EASTER DECORATION SITTING BUNNY
90175B;PINK GLASS CHUNKY CHARM BRACELET
15060b;FAIRY CAKE DESIGN UMBRELLA
72801D;4 SKY BLUE DINNER CANDLES
21410;COUNTRY COTTAGE  DOORSTOP GREEN
23402;HOME SWEET HOME 3 PEG HANGER 
20974;12 PENCILS SMALL TUBE SKULL
47471;RAINBOW PEGS PHOTO CLIP STRING
84997d;PINK 3 PIECE POLKADOT CUTLERY SET
37330;BIG POLKADOT MUG
21429;RED GINGHAM ROSE JEWELLERY BOX
21878;PACK OF 6 SANDCASTLE FLAGS ASSORTED
21000;ROSE DU SUD COSMETICS BAG
21462;NURSERY A,B,C PAINTED LETTERS
18098c;PORCELAIN BUTTERFLY OIL BURNER
22899;CHILDRENS APRON DOLLY GIRL 
85159B;WHITE TEA,COFFEE,SUGAR JARS
85136A;YELLOW SHARK HELICOPTER
22991;GIRAFFE WOODEN RULER
22270;HAPPY EASTER HANGING DECORATION
90025E;BAROQUE BUTTERFLY EARRINGS MONTANA
35961;FOLKART ZINC HEART CHRISTMAS DEC
22262;FELT EGG COSY CHICKEN
20622;VIP PASSPORT COVER 
84966C;GREEN KASHMIRI BOXED MIRROR
10134;COLOURING PENCILS BROWN TUBE
20898;VINTAGE NOTEBOOK TRAVELOGUE
22411;JUMBO SHOPPER VINTAGE RED PAISLEY
22785;CUSHION COVER PINK UNION FLAG
21466;RED FLOWER CROCHET FOOD COVER
22333;RETROSPOT PARTY BAG + STICKER SET
51014C;FEATHER PEN,COAL BLACK
22981;PANTRY APPLE CORER
21209;MULTICOLOUR HONEYCOMB FAN
35968;FOLK ART METAL HEART T-LIGHT HOLDER
22305;COFFEE MUG PINK PAISLEY DESIGN
20953;PORCELAIN CHERUB BELL LARGE
71477;COLOUR GLASS. STAR T-LIGHT HOLDER
23457;LARGE PARLOUR FRAME
84510E;SET OF 4 GREEN CAROUSEL COASTERS
72821;CUPID SCENTED CANDLE IN GLASS
22494;EMERGENCY FIRST AID TIN 
90122B;JADE CRYSTAL+GLASS BRACELET
22356;CHARLOTTE BAG PINK POLKADOT
23042;PAPER LANTERN 7 POINT SNOW STAR
84792;ENCHANTED BIRD COATHANGER 5 HOOK
21356;TOAST ITS - FAIRY FLOWER
22939;ADULT APRON APPLE DELIGHT
84966B;BLUE KASHMIRI BOXED MIRROR
22461;SAVOY ART DECO CLOCK
84032A;CHARLIE+LOLA PINK HOT WATER BOTTLE
90147;CHUNKY SILVER NECKLACE PASTEL FLOWE
84658;WHITE STITCHED CUSHION COVER
84661B;BLACK SQUARE TABLE CLOCK
72225C;LAVENDER SCENT CAKE CANDLE
82613A;METAL SIGN,CUPCAKE SINGLE HOOK
21704;BAG 250g SWIRLY MARBLES
23496;PANTRY KITCHEN THERMOMETER 
23044;PAPER LANTERN 9 POINT HOLLY STAR S
22499;WOODEN UNION JACK BUNTING
84661b;BLACK SQUARE TABLE CLOCK
21932;SCANDINAVIAN PAISLEY PICNIC BAG
23380;PACK OF 12 VINTAGE DOILY TISSUES
85023B;EAU DE NILE JEWELLED PHOTOFRAME
23038;T-LIGHT HOLDER SILVER SAUCER
23149;ANTIQUE IVORY WIRE BOWL SMALL
79192A;RETRO PLASTIC 70'S TRAY
85230E;STRAWBRY SCENTED VOTIVE CANDLE
21539;RED RETROSPOT BUTTER DISH
23288;GREEN VINTAGE SPOT BEAKER
22324;BLUE POLKADOT KIDS BAG
23160;REGENCY TEA SPOON
72800F;4 IVORY DINNER CANDLES GOLD FLOCK
22677;FRENCH BLUE METAL DOOR SIGN, 2
16218;CARTOON  PENCIL SHARPENERS
22736;RIBBON REEL MAKING SNOWMEN 
85020;ROUND PINK HEART MIRROR
21656;RIDGED GLASS POSY VASE 
21448;12 DAISY PEGS IN WOOD BOX
85032D;YULETIDE IMAGES GIFT WRAP SET
22524;CHILDRENS GARDEN GLOVES BLUE
23558;LANDMARK FRAME LONDON BRIDGE 
85071C;"CHARLIE+LOLA""EXTREMELY BUSY"" SIGN"
22584;PACK OF 6 PANNETONE GIFT BOXES
84977;WIRE FLOWER T-LIGHT HOLDER
84029G;KNITTED UNION FLAG HOT WATER BOTTLE
22765;NEWSPAPER STAND
21282;NATURAL BARK CANDLE LARGE
23497;CLASSIC CHROME BICYCLE BELL 
85036B;CHOCOLATE 1 WICK MORRIS BOX CANDLE
23438; RED SPOT GIFT BAG LARGE
21351;CINAMMON & ORANGE WREATH
22892;SALT AND PEPPER SHAKERS TOADSTOOLS
23539;WALL ART , LOVES' SECRET 
84991;60 TEATIME FAIRY CAKE CASES
21212;PACK OF 72 RETRO SPOT CAKE CASES
21657;MILK BOTTLE WITH GLASS STOPPER 
90024D;NEW BAROQUE B'FLY NECKLACE PINK
37479B;CUBIC MUG FLOCK BLUE ON BROWN
21898;POTTING SHED ROSE CANDLE
84007;MAGIC GARDEN MOUNT FUJI
21670;BLUE SPOT CERAMIC DRAWER KNOB
22303;COFFEE MUG APPLES DESIGN
22104;MIRROR MOSAIC CANDLE PLATE
82567;AIRLINE LOUNGE,METAL SIGN
48111;DOORMAT 3 SMILEY CATS
22390;PAPERWEIGHT CHILDHOOD MEMORIES
79071B;ENGLISH ROSE METAL WASTE BIN
22425;ENAMEL COLANDER CREAM
22545;MINI JIGSAW BUNNIES
79302M;ART LIGHTS,FUNK MONKEY
84688;BEACH HUT DESIGN BLACKBOARD
23108;SET OF 10 LED DOLLY LIGHTS
22381;TOY TIDY PINK POLKADOT
23534;STOP FOR TEA WALL ART
22547;MINI JIGSAW DINOSAUR 
85126;LARGE ROUND CUTGLASS CANDLESTICK
84558a;3D DOG PICTURE PLAYING CARDS
21558;SKULL LUNCH BOX WITH CUTLERY 
21287;SCENTED VELVET LOUNGE CANDLE 
23456;MEDIUM PARLOUR PICTURE FRAME 
84212;"ASSORTED FLOWER COLOUR ""LEIS"""
16254;TRANSPARENT ACRYLIC TAPE DISPENSER
22119;PEACE WOODEN BLOCK LETTERS
23273;HEART T-LIGHT HOLDER WILLIE WINKIE
22212;FOUR HOOK  WHITE LOVEBIRDS
15056p;EDWARDIAN PARASOL PINK
85067;CREAM SWEETHEART WALL CABINET
21471;STRAWBERRY RAFFIA FOOD COVER
84859A;SILVER DISCO HANDBAG
21198;WHITE HEART CONFETTI IN TUBE
84078A;SET/4 WHITE RETRO STORAGE CUBES 
22131;FOOD CONTAINER SET 3 LOVE HEART 
90189A;SILVER 2 STRAND NECKLACE-LEAF CHARM
23630;SET 10 CARDS HANGING BAUBLES 17080
90085;CRYSTAL STILETTO PHONE CHARM
84375;SET OF 20 KIDS COOKIE CUTTERS
21035;SET/2 RED RETROSPOT TEA TOWELS 
90161B;ANT COPPER TURQ BOUDICCA BRACELET
85036A;GARDENIA 1 WICK MORRIS BOXED CANDLE
84946;ANTIQUE SILVER TEA GLASS ETCHED
23074;EMBOSSED HEART TRINKET BOX
90190A;SILVER/CRYSTAL DROP EARRINGS W LEAF
22125;UNION JACK HOT WATER BOTTLE 
72819;CUPID DESIGN SCENTED CANDLES
85019B;BLOSSOM  IMAGES NOTEBOOK SET
16207B;PINK HEART RED HANDBAG
21040;MODERN VINTAGE COTTON SHOPPING BAG
23390;DOLLY GIRL MINI RUCKSACK
23035;DRAWER KNOB CERAMIC IVORY
22819;BIRTHDAY CARD, RETRO SPOT
90129E;PURPLE GLASS TASSLE BAG CHARM
22386;JUMBO BAG PINK WITH WHITE SPOTS
90102;WHITE FRANGIPANI HAIR CLIP
22622;BOX OF VINTAGE ALPHABET BLOCKS
21846;PINK DIAMANTE PEN IN GIFT BOX
23524;HORSE & PONY WALL ART
84620;BLUE GINGHAM ROSE CUSHION COVER
21112;SWISS ROLL TOWEL, PINK  SPOTS
82615;PINK MARSHMALLOW SCARF KNITTING KIT
22829;BROCANTE SHELF WITH HOOKS
21385;IVORY HANGING DECORATION  HEART
20958;PORCELAIN HANGING BELL LARGE
35915C;PEACH KNITTED HEN 
23229;VINTAGE DONKEY TAIL GAME 
84819;DANISH ROSE ROUND SEWING BOX
22268;DECORATION SITTING BUNNY
21279;VINTAGE KITCHEN PRINT FRUITS
gift_0001_10;Dotcomgiftshop Gift Voucher £10.00
22363;GLASS JAR MARMALADE 
23650;SET 10 CARDS FILIGREE BAUBLE 16961
23449;SET OF 6 EASTER RAINBOW CHICKS
21109;LARGE CAKE TOWEL CHOCOLATE SPOTS
21418;STARFISH SOAP DISH
22211;WOOD STAMP SET FLOWERS
22216;T-LIGHT HOLDER WHITE LACE
22042;CHRISTMAS CARD SINGING ANGEL
23034;DRAWER KNOB CERAMIC BLACK
21916;SET 12 RETRO WHITE CHALK STICKS
37462E;PET MUG, GOLDFISH
85034b;3 WHITE CHOC MORRIS BOXED CANDLES
21786;RAIN HAT WITH RED SPOTS
21364;PEACE SMALL WOOD LETTERS
22257;FELT FARM ANIMAL SHEEP
23564;EGG CUP MILKMAID INGRID
82578;KITCHEN METAL SIGN
46775D;SUNSET COLOUR CHUNKY KNITTED THROW
35443;RASTA IN BATH W SPLIFF ASHTRAY
79151B;SILICON CUBE 25W, BLUE
23340;VINTAGE CHRISTMAS CAKE FRILL
22366;DOORMAT AIRMAIL 
23104;IVORY CAFE HANGING LAMP 
21071;VINTAGE BILLBOARD DRINK ME MUG
20622;VIPPASSPORT COVER 
90013D;PURPLE VINTAGE EARRINGS
21803;CHRISTMAS TREE STAR DECORATION
21700;BIG DOUGHNUT FRIDGE MAGNETS
20758;ABSTRACT CIRCLES POCKET BOOK
16156L;WRAP CAROUSEL
22830;UTILTY CABINET WITH HOOKS
85090;CANDY SPOT APRON
84347;ROTATING SILVER ANGELS T-LIGHT HLDR
22583;PACK OF 6 HANDBAG GIFT BOXES
21179;NO JUNK MAIL METAL SIGN
22294;HEART FILIGREE DOVE  SMALL
84568;GIRLS ALPHABET IRON ON PATCHES 
90059C;DIAMANTE HAIR GRIP PACK/2 MONTANA
23401;RUSTIC MIRROR WITH LACE HEART
22031;BOTANICAL LAVENDER BIRTHDAY CARD
90159;COTE D'AZURE NECKLACE
84625C;BLUE NEW BAROQUE CANDLESTICK CANDLE
90209C;PINK ENAMEL+GLASS HAIR COMB
44242B;PINK FEATHERS CURTAIN
21616;4 PEAR BOTANICAL DINNER CANDLES
21891;TRADITIONAL WOODEN SKIPPING ROPE
90027C;GLASS BEAD HOOP EARRINGS GREEN
90212B;JET BLACK LAS VEGAS BRACELET ROUND
23483;HANGING  BUTTERFLY T-LIGHT HOLDER
23106;ZINC HEARTS PLANT POT HOLDER
22391;PAPERWEIGHT HOME SWEET HOME
23019;SMALL APOTHECARY MEASURING JAR 
84709B;PINK OVAL JEWELLED MIRROR
22460;EMBOSSED GLASS TEALIGHT HOLDER
22437;SET OF 9 BLACK SKULL BALLOONS
21902;KEY FOB , FRONT  DOOR 
22453;MEASURING TAPE BABUSHKA BLUE
22812;PACK 3 BOXES CHRISTMAS PANETTONE
37351;ORANGE FLOWER MUG 
23543;WALL ART KEEP CALM 
71496B;A4 WALL TIDY RED FLOWERS
23441;HAND PAINTED HANGING EASTER EGG
84247C;PACK/12 BLUE REINDEER CARD
23020;GLASS  SONGBIRD STORAGE JAR
90164A;PINK ROSEBUD PEARL BRACELET
22878;NUMBER TILE COTTAGE GARDEN, No
84908B;BLUE 5 PATCH FLOWER CUSHION COVER
23208;LUNCH BAG VINTAGE LEAF DESIGN
22421;LIPSTICK PEN FUSCHIA
21668;RED STRIPE CERAMIC DRAWER KNOB
71477;COLOURED GLASS STAR T-LIGHT HOLDER
75178;ASSTD COL BUTTERFLY/CRYSTAL W/CHIME
22414;DOORMAT NEIGHBOURHOOD WITCH 
22066;LOVE HEART TRINKET POT
85136C;RED SHARK HELICOPTER
90042A;FRESHWATER PEARL BRACELET GOLD
23200;JUMBO BAG PEARS
23479;WIRE EGG BASKET 
23050;RECYCLED ACAPULCO MAT GREEN
21187;WHITE BELL HONEYCOMB PAPER GARLAND 
22291;SPRING DEC , HANGING CHICK CREAM
22109;FULL ENGLISH BREAKFAST PLATE
22112;CHOCOLATE HOT WATER BOTTLE
23598;PAPER BUNTING VINTAGE PARTY
20675;BLUE POLKADOT BOWL
84929;ASSTD FRUIT+FLOWERS FRIDGE MAGNETS
21495;SKULLS AND CROSSBONES WRAP
90201D;GREEN ENAMEL FLOWER RING
90202A;PURPLE ENAMEL FLOWER HAIR TIE
90163B;WHITE ROSEBUD & PEARL NECKLACE
22767;TRIPLE PHOTO FRAME CORNICE 
46000M;POLYESTER FILLER PAD 45x45cm
90183A;AMBER DROP EARRINGS W LONG BEADS
BANK CHARGES;Bank Charges
84859B;BLUE DISCO HANDBAG
20830;SILVER PHOTO FRAME
16169N;WRAP BLUE RUSSIAN FOLKART
20767;BLUE PAISLEY JOURNAL 
21039;RED RETROSPOT SHOPPING BAG
47570B;TEA TIME TABLE CLOTH
20793;BLUE TILED TRAY
22456;NATURAL SLATE CHALKBOARD LARGE 
71510;SQUARE METAL CANDLEHOLDER BASE
23617;SET 10 CARDS SWIRLY XMAS TREE 17104
47310M;SMALL POP BOX,FUNKY MONKEY
35818B;ACRYLIC JEWEL ICICLE, BLUE
23250;VINTAGE RED TRIM ENAMEL BOWL 
20803;SMALL PINK GLASS SUNDAE DISH
22701;PINK DOG BOWL
17109D;FLOWER FAIRY INCENSE BOUQUET
84751B;BLACK MEDIUM GLASS CAKE STAND
22224;WHITE LOVEBIRD LANTERN
22766;PHOTO FRAME CORNICE
23000;TRAVEL CARD WALLET TRANSPORT
22796;PHOTO FRAME 3 CLASSIC HANGING
23185;FRENCH STYLE STORAGE JAR JAM
22296;HEART IVORY TRELLIS LARGE
21026;SPACE OWL
90039D;FIRE POLISHED GLASS BRACELET GREEN
90145;SILVER HOOP EARRINGS WITH FLOWER
84818;DANISH ROSE PHOTO FRAME
22759;SET OF 3 NOTEBOOKS IN PARCEL
23611;SET 10 CARDS RED RIDING HOOD 17214
22719;GUMBALL MONOCHROME COAT RACK
21777;RECIPE BOX WITH METAL HEART
35004C;SET OF 3 COLOURED  FLYING DUCKS
35633B;BLUE TINSEL GARLAND 
84531A;PINK KNITTED EGG COSY
84576;BLUE CAT BISCUIT BARREL PINK HEART
21890;S/6 WOODEN SKITTLES IN COTTON BAG
22121;NOEL WOODEN BLOCK LETTERS 
22839;3 TIER CAKE TIN GREEN AND CREAM
90190C;SILVER/AMETHYST DROP EARRINGS LEAF
DCGSSBOY;BOYS PARTY BAG
23159;SET OF 5 PANCAKE DAY MAGNETS
23522;WALL ART DOG AND BALL 
21503;TOYBOX  WRAP 
22409;MONEY BOX BISCUITS DESIGN
21768;WALL MOUNTED VINTAGE ORGANISER
23267;SET OF 4 SANTA PLACE SETTINGS
20819;SILVER TEDDY BEAR
35818P;ACRYLIC JEWEL ICICLE, PINK
22756;LARGE YELLOW BABUSHKA NOTEBOOK 
90165B;WHITE ROSEBUD  PEARL EARRINGS
84968D;SET OF 16 VINTAGE RED CUTLERY
84870B;BLUE GEISHA GIRL 
84596J;MIXED NUTS LIGHT GREEN BOWL
22859;EASTER TIN BUNNY BOUQUET
22801;ANTIQUE GLASS PEDESTAL BOWL
84748;FOLK FELT HANGING MULTICOL GARLAND
21807;WHITE CHRISTMAS STAR DECORATION
84760S;SMALL HANGING GLASS+ZINC LANTERN
22093;MOTORING TISSUE BOX
71270;PHOTO CLIP LINE
44234;ASSORTED CIRCULAR MOBILE
22564;ALPHABET STENCIL CRAFT
84826;ASSTD DESIGN 3D PAPER STICKERS
90013B;BLACK VINTAGE EARRINGS
20695;FLORAL BLUE MONSTER
85035a;GARDENIA 3 WICK MORRIS BOXED CANDLE
85099C;JUMBO  BAG BAROQUE BLACK WHITE
85054;FRENCH ENAMEL POT W LID
21819;GLITTER CHRISTMAS STAR 
22627;MINT KITCHEN SCALES
22720;SET OF 3 CAKE TINS PANTRY DESIGN 
23240;SET OF 4 KNICK KNACK TINS DOILY 
51014L;FEATHER PEN,LIGHT PINK
84509a;SET OF 4 ENGLISH ROSE PLACEMATS
90182B;AMETHYST 3 BEAD DROP EARRINGS
21738;COSY SLIPPER SHOES SMALL  RED 
90028;NEW BAROQUE LARGE NECKLACE BLK/WHIT
85180A;RED HEARTS LIGHT CHAIN 
21421;PORCELAIN ROSE LARGE 
84907;PINK YELLOW PATCH CUSHION COVER
90183B;AMETHYST DROP EARRINGS W LONG BEADS
21785;RAIN PONCHO 
21520;BOOZE & WOMEN GREETING CARD 
23445;ICE CREAM BUBBLES
90160C;TURQ+RED BOUDICCA LARGE BRACELET
22575;METAL MERRY CHRISTMAS WREATH
22786;CUSHION COVER PINK UNION JACK
22429;ENAMEL MEASURING JUG CREAM
21725;SWEETIES  STICKERS
84708B;PINK JEWELLED PHOTO FRAME 
23290;SPACEBOY CHILDRENS BOWL
21901;KEY FOB , BACK DOOR 
35651;VINTAGE BEAD PINK SCARF 
35923;CANDY HEART HANGING DECORATION
22371;AIRLINE BAG VINTAGE TOKYO 78
22847;BREAD BIN DINER STYLE IVORY
79063C;RETRO PILL BOX KEY CHAIN,THE KING
84033;FLAG OF ST GEORGE 
23215;JINGLE BELL HEART ANTIQUE SILVER
46776D;WOVEN SUNSET CUSHION COVER 
22732;3D VINTAGE CHRISTMAS STICKERS 
22258;FELT FARM ANIMAL RABBIT
84967B;BLUE KASHMIRI OCCASIONAL TABLE
21791;VINTAGE HEADS AND TAILS CARD GAME 
84031B;CHARLIE LOLA BLUE HOT WATER BOTTLE 
47469;ASSORTED SHAPES PHOTO CLIP SILVER 
90018B;GOLD M.O.P ORBIT DROP EARRINGS
90214O;"LETTER ""O"" BLING KEY RING"
17013D;ORIGAMI ROSE INCENSE IN TUBE
84631;FRUIT TREE AND BIRDS WALL PLAQUE
21844;RED RETROSPOT MUG
84984D;ORIENTAL RED CUSHION COVER 
22167;WALL MIRROR , DIAMANTE OVAL SHAPE
85065;CREAM SWEETHEART TRAYS
20910;VINTAGE PHOTO ALBUM PARIS DAYS
22077;6 RIBBONS RUSTIC CHARM
22551;PLASTERS IN TIN SPACEBOY
22601;CHRISTMAS RETROSPOT ANGEL WOOD
23137;ZINC WIRE SWEETHEART LETTER TRAY
20762;GREEN FERN SKETCHBOOK 
21394;RED POLKADOT BEAKER 
84199;GLOW IN DARK DOLPHINS
21805;WHITE CHRISTMAS TREE DECORATION 
85099B;JUMBO BAG RED RETROSPOT
47559B;TEA TIME OVEN GLOVE
72811;SMALL ZINC/GLASS CANDLEHOLDER
90183C;BLACK DROP EARRINGS W LONG BEADS
22105;MIRROR MOSAIC GOBLET CANDLE HOLDER
85068;CREAM SWEETHEART SHELF + HOOKS
21692;SILVER LATTICE VANILLA CANDLE POT
22141;CHRISTMAS CRAFT TREE TOP ANGEL
85230F;JASMINE VOTIVE CANDLE
82616C;MIDNIGHT GLAMOUR SCARF KNITTING KIT
23433;HANGING QUILTED PATCHWORK APPLES
22832;BROCANTE SHELF WITH HOOKS
84990;60 GOLD AND SILVER FAIRY CAKE CASES
35015;JACOBS LADDER SMALL
22691;DOORMAT WELCOME SUNRISE
20761;BLUE PAISLEY SKETCHBOOK
21111;SWISS ROLL TOWEL, CHOCOLATE  SPOTS
90014A;SILVER M.O.P. ORBIT NECKLACE
84817;DANISH ROSE DECORATIVE PLATE
84971S;SMALL HEART FLOWERS HOOK 
23214;JINGLE BELL HEART ANTIQUE GOLD
22440;BALLOON WATER BOMB PACK OF 35
47567B;TEA TIME KITCHEN APRON
85086A;CANDY SPOT HEART DECORATION
15056bl;EDWARDIAN PARASOL BLACK
46118;FUNKY MONKEY CUSHION COVER
90058A;CRYSTAL STUD EARRINGS CLEAR DISPLAY
23489;VINTAGE BELLS GARLAND
84884A;ANT WHITE WIRE HEART SPIRAL
37482P;CUBIC MUG PINK POLKADOT
20671;BLUE TEATIME PRINT BOWL 
85208;SET/12 FUNKY FELT FLOWER PEG IN BAG
22074;6 RIBBONS SHIMMERING PINKS 
85135B;BLUE DRAGONFLY HELICOPTER
21243;PINK  POLKADOT PLATE 
21667;GLASS CAKE COVER AND PLATE
22749;FELTCRAFT PRINCESS CHARLOTTE DOLL
22675;FRENCH KITCHEN SIGN BLUE METAL
22203;MILK PAN RED RETROSPOT
22164;STRING OF STARS CARD HOLDER
22504;CABIN BAG VINTAGE RETROSPOT
22596;CHRISTMAS STAR WISH LIST CHALKBOARD
22555;PLASTERS IN TIN STRONGMAN
22673;FRENCH GARDEN SIGN BLUE METAL
22497;SET OF 2 TINS VINTAGE BATHROOM 
21226;POCKET MIRROR WOODLAND
22288;DECORATION , HANGING METAL RABBIT
23418;LAVENDER TOILETTE BOTTLE
23649;SET 10 CARDS DECK THE HALLS 16960
90190B;GOLD/AMBER DROP EARRINGS W LEAF
21806;WHITE CHRISTMAS HEART DECORATION
22090;PAPER BUNTING RETRO SPOTS
84535B;FAIRY CAKES NOTEBOOK A6 SIZE
90175A;WHITE GLASS CHUNKY CHARM BRACELET
85123a;WHITE HANGING HEART T-LIGHT HOLDER
18098C;PORCELAIN BUTTERFLY OIL BURNER
47589;CONGRATULATIONS BUNTING
22890;NOVELTY BISCUITS CAKE STAND 3 TIER
90200D;PINK SWEETHEART BRACELET
21070;VINTAGE BILLBOARD MUG 
23540;WALL ART THE MAGIC FOREST 
21989;PACK OF 20 SKULL PAPER NAPKINS
90003D;CRYSTAL PAIR HEART HAIR SLIDES
90074;BLACK DIAMOND CLUSTER NECKLACE
22870;NUMBER TILE COTTAGE GARDEN 2
84997B;CHILDRENS CUTLERY RETROSPOT RED 
21719;LOVELY BONBON STICKER SHEET
21794;CLASSIC FRENCH STYLE BASKET NATURAL
47013A;WINE BOTTLE DRESSING LT.BLUE
84965B;BLUE KASHMIRI COFFEE TABLE 
22220;CAKE STAND LOVEBIRD 2 TIER WHITE
21124;SET/10 BLUE POLKADOT PARTY CANDLES
22528;GARDENERS KNEELING PAD
46776f;WOVEN ROSE GARDEN CUSHION COVER 
72131;COLUMBIAN CANDLE RECTANGLE
22166;WALL MIRROR , RECT DIAMANTE, PINK/
16053;POPART COL BALLPOINT PEN ASST
85030;FRENCH CHATEAU OVAL PLATTER
23360;SET 8 CANDLES VINTAGE DOILEY
21658;GLASS  BEURRE DISH
22844;VINTAGE DOG FOOD CONTAINER
22674;FRENCH TOILET SIGN BLUE METAL
78124;MAGAZINE RACK GEBRA ASSORTED 
21661;VINTAGE GLASS TEA CADDY
23462;ROCOCO WALL MIROR
85034C;3 ROSE MORRIS BOXED CANDLES
22302;COFFEE MUG PEARS  DESIGN
22247;BUNNY DECORATION MAGIC GARDEN
23029;DRAWER KNOB CRACKLE GLAZE GREEN
23336;EGG FRYING PAN PINK 
23194;GYMKHANA TREASURE BOOK BOX
22199;FRYING PAN RED RETROSPOT
84632;DECORATIVE HANGING SHELVING UNIT
21373;MIRRORED WALL ART SNOWFLAKES
23230;WRAP ALPHABET DESIGN
21695;SMALL SILVER FLOWER CANDLE POT
90208;PAIR OF PINK FLOWER CLUSTER SLIDE
22777;GLASS CLOCHE LARGE
23526;WALL ART DOG LICENCE 
85179C;PINK BITTY LIGHT CHAIN
21031;SPACE CADET BLACK
21653;GLASS ETCHED T-LIGHT HOLDER LARGE
22321;BIRD DECORATION RED SPOT
20724;RED RETROSPOT CHARLOTTE BAG
23574;PACKING CHARGE
85131B;BEADED CRYSTAL HEART GREEN ON STICK
21676;FLOWERS  STICKERS
20894;HANGING BAUBLE T-LIGHT HOLDER LARGE
21011;GLITTER SNOW PEAR TREE DECORATION
21666;RIDGED GLASS T-LIGHT HOLDER
21175;GIN AND TONIC DIET METAL SIGN
37342;POLKADOT COFFEE CUP & SAUCER PINK
23490;T-LIGHT HOLDER HANGING LOVE BIRD
23396;LE JARDIN BOTANIQUE CUSHION COVER
82484;WOOD BLACK BOARD ANT WHITE FINISH
85071B;RED CHARLIE+LOLA PERSONAL DOORSIGN
22505;MEMO BOARD COTTAGE DESIGN
84968F;SET OF 16 VINTAGE SKY BLUE CUTLERY
22755;SMALL PURPLE BABUSHKA NOTEBOOK 
23607;SET 10 CARDS HATS & STOCKINGS 17081
21830;ASSORTED CREEPY CRAWLIES
20975;12 PENCILS SMALL TUBE RED SPOTTY
22582;PACK OF 6 SWEETIE GIFT BOXES
21062;PARTY INVITES SPACEMAN
21581;SKULLS  DESIGN  COTTON TOTE BAG
21389;IVORY HANGING DECORATION  BIRD
46000U;POLYESTER FILLER PAD 30CMx30CM
23236;STORAGE TIN VINTAGE DOILY 
21873;IF YOU CAN'T STAND THE HEAT MUG
85031A;ROMANTIC IMAGES SCRAP BOOK SET
90148;LONG SILVER NECKLACE PASTEL FLOWER
23094;LE GRAND TRAY CHIC SET
48194;DOORMAT HEARTS
90182A;AMBER 3 BEAD DROP EARRINGS
85098B;BLUE FLYING SINGING CANARY
90141C;TURQ PENDANT TRIPLE SHELL NECKLACE
85039a;SET/4 RED MINI ROSE CANDLE IN BOWL
22858;EASTER TIN KEEPSAKE
16156L;WRAP, CAROUSEL
21733;RED HANGING HEART T-LIGHT HOLDER
21086;SET/6 RED SPOTTY PAPER CUPS
84849A;HELLO SAILOR BLUE SOAP HOLDER
21386;IVORY HANGING DECORATION  EGG
22529;MAGIC DRAWING SLATE GO TO THE FAIR 
22445;PENCIL CASE LIFE IS BEAUTIFUL
21286;RETROSPOT CANDLE  LARGE
84563A;PINK & WHITE BREAKFAST TRAY
85015;SET OF 12  VINTAGE POSTCARD SET
22540;MINI JIGSAW CIRCUS PARADE 
90011A;MIDNIGHT BLUE CRYSTAL DROP EARRINGS
23130;MISTLETOE HEART WREATH GREEN
21212;PACK OF 72 RETROSPOT CAKE CASES
35964;FOLKART CLIP ON STARS
22896;PEG BAG APPLES DESIGN
62096B;PURPLE/TURQ FLOWERS HANDBAG
20849;ZINC HEART LATTICE DOUBLE PLANTER
23542;WALL ART 70'S ALPHABET 
84820;DANISH ROSE TRINKET TRAYS
22503;CABIN BAG VINTAGE PAISLEY
23629;SET 10 CARDS DRESSING UP 17077
21407;BROWN CHECK CAT DOORSTOP 
23575;SNACK TRAY PAISLEY PARK
35471D;SET OF 3 BIRD LIGHT PINK FEATHER 
21981;PACK OF 12 WOODLAND TISSUES 
17038;PORCELAIN BUDAH INCENSE HOLDER
84352;SILVER CHRISTMAS TREE BAUBLE STAND 
85033S;SET/6 SILVER REINDEER T-LIGHTS
90162C;ANT SILVER FUSCHIA BOUDICCA RING
23524;WALL ART HORSE & PONY 
21928;JUMBO BAG SCANDINAVIAN BLUE PAISLEY
23467;VINTAGE ZINC PLANTER  
22729;ALARM CLOCK BAKELIKE ORANGE
84665;SQUARE CHERRY BLOSSOM CABINET
79164;BLACK WINE GLASS
23695;DOILY THANK YOU CARD
22686;FRENCH BLUE METAL DOOR SIGN, No
23206;LUNCH BAG APPLE DESIGN
21811;CHRISTMAS HANGING HEART WITH BELL
22739;RIBBON REEL, XMAS SOCK/BAUBLE
46000P;POLYESTER FILLER PAD 65CMx65CM
23530;WALL ART,ONLY ONE PERSON 
21716;BOYS VINTAGE TIN SEASIDE BUCKET
23015;CORDIAL GLASS JUG
90124C;GREEN MURANO TWIST NECKLACE
22223;CAKE PLATE LOVEBIRD PINK
72802A;ROSE SCENT CANDLE IN JEWELLED BOX
84563B;BLUE & WHITE BREAKFAST TRAY
23041;PAPER LANTERN 9 POINT SNOW STAR
84077;WORLD WAR 2 GLIDERS ASSTD DESIGNS
72801G;4 BURGUNDY WINE DINNER CANDLES
23022;SMALL BONNE JAM JAR  T-LIGHT HOLDER
23615;SET 10 CARDS PRINTED GRAPHIC 17219
90181B;AMETHYST GLASS/SHELL/PEARL NECKLACE
20983;12 PENCILS TALL TUBE RED SPOTTY
84997a;CHILDRENS CUTLERY POLKADOT GREEN 
22202;MILK PAN PINK POLKADOT
22771;CLEAR DRAWER KNOB ACRYLIC EDWARDIAN
22747;POPPY'S PLAYHOUSE BATHROOM
22968;ROSE COTTAGE KEEPSAKE BOX 
23511;EMBROIDERED RIBBON REEL EMILY 
90065B;BLACK VINT ART DEC CRYSTAL BRACELET
84247E;PACK OF 12 CHRISTMAS FUN CARDS
21720;CAKE SHOP  STICKER SHEET
84611B;BLACK NEW BAROQUE FLOCK BOX
90079;VINTAGE ENAMEL & CRYSTAL NECKLACE
22844;VINTAGE CREAM DOG FOOD CONTAINER
21824;PAINTED METAL STAR WITH HOLLY BELLS
22944;CHRISTMAS METAL POSTCARD WITH BELLS
21368;MIRRORED WALL ART LADIES
23646;SET 10 CARDS JINGLE BELLS 16957
23067;HANGING ENGRAVED METAL HEART
15056n;EDWARDIAN PARASOL NATURAL
84706F;RED PEONY TABLE CLOCK
84595E;LARGE TORTILLA DESIGN RED BOWL
21084;SET/6 COLLAGE PAPER CUPS
85159A;BLACK TEA,COFFEE,SUGAR JARS
22886;NUMBER TILE VINTAGE FONT 7
22053;EMPIRE DESIGN ROSETTE
85034a;3 GARDENIA MORRIS BOXED CANDLES
85019C;CURIOUS  IMAGES NOTEBOOK SET
22632;HAND WARMER RED POLKA DOT
71053;WHITE METAL LANTERN
22385;JUMBO BAG SPACEBOY DESIGN
23570;TRADITIONAL PICK UP STICKS GAME 
22069;BROWN  PIRATE TREASURE CHEST 
22923;FRIDGE MAGNETS LES ENFANTS ASSORTED
23145;ZINC T-LIGHT HOLDER STAR LARGE
22820;GIFT BAG BIRTHDAY
22477;WATERING CAN GARDEN MARKER
22526;WHEELBARROW FOR CHILDREN 
21375;LARGE CAMPHOR WOOD FIELD MUSHROOM 
21743;STAR PORTABLE TABLE LIGHT 
22875;NUMBER TILE COTTAGE GARDEN, 7
22637;PIGGY BANK RETROSPOT 
21382;SET/4 SPRING FLOWER DECORATION
90124B;BLUE MURANO TWIST NECKLACE
90214K;"LETTER ""K"" BLING KEY RING"
23508;MINI PLAYING CARDS DOLLY GIRL 
22175;PINK OWL SOFT TOY
48129;DOORMAT TOPIARY
22652;TRAVEL SEWING KIT
22621;TRADITIONAL KNITTING NANCY
22668;PINK BABY BUNTING
22949;SET OF 36 DOLLY GIRL PAPER DOILIES
85168B;BLACK BAROQUE CARRIAGE CLOCK
22659;LUNCH BOX I LOVE LONDON
90196B;BLACK GEMSTONE NECKLACE 45CM
22961;JAM MAKING SET PRINTED
22204;MILK PAN BLUE POLKADOT
23036;T-LIGHT HOLDER SILVER PETIT FOUR 
90160D;PINK BOUDICCA LARGE BRACELET
82001s;VINYL RECORD FRAME SILVER
22561;WOODEN SCHOOL COLOURING SET
23325;RUSTIC STRAWBERRY JAM POT SMALL
84882;GREEN WIRE STANDING CANDLE HOLDER
22979;PANTRY WASHING UP BRUSH
22780;LIGHT GARLAND BUTTERFILES PINK
22641;SET OF 4 NAPKIN CHARMS INSTRUMENT
22081;RIBBON REEL FLORA + FAUNA 
20802;SMALL GLASS SUNDAE DISH CLEAR
90037A;TINY CRYSTAL BRACELET RED
20897;VINTAGE NOTEBOOK PARIS DAYS
22289;DECORATION , HANGING METAL CHICKEN
22698;PINK REGENCY TEACUP AND SAUCER
16207A;PINK STRAWBERRY HANDBAG 
90003C;MIDNIGHT BLUE PAIR HEART HAIR SLIDE
23494;VINTAGE DOILY DELUXE SEWING KIT 
23623;SET 10 CARD CHRISTMAS WELCOME 17112
21491;SET OF THREE VINTAGE GIFT WRAPS
22115;METAL SIGN EMPIRE TEA
22418;10 COLOUR SPACEBOY PEN
72807a;SET/3 ROSE CANDLE IN JEWELLED BOX
35611B;BLACK ASSORTED DROPLET DECORATION
23086;ZINC  STAR T-LIGHT HOLDER 
23455;SMALL PARLOUR PICTURE FRAME
21682;LARGE MEDINA STAMPED METAL BOWL 
85017C;ENVELOPE 50 CURIOUS IMAGES
20748;KENSINGTON COFFEE SET
85116;BLACK CANDELABRA T-LIGHT HOLDER
22993;SET OF 4 PANTRY JELLY MOULDS
21851;LILAC DIAMANTE PEN IN GIFT BOX
84824;DANISH ROSE UMBRELLA STAND
85232b;SET OF 3 BABUSHKA STACKING TINS
85014B;RED/WHITE DOTS RUFFLED UMBRELLA
84836;ZINC METAL HEART DECORATION
23127;FELTCRAFT GIRL NICOLE KIT
22444;GROW YOUR OWN PLANT IN A CAN 
21614;SET OF 12 ROSE BOTANICAL T-LIGHTS
21917;SET 12 KIDS  WHITE CHALK STICKS
79157V;UBO-LIGHT TRIOBASE PURPLE
84625A;PINK NEW BAROQUECANDLESTICK CANDLE
22044;CHRISTMAS CARD STACK OF PRESENTS
22207;FRYING PAN UNION FLAG
85226C;BLUE PULL BACK RACING CAR
37464;ROBOT MUG IN DISPLAY BOX
85092;CANDY SPOT TEA COSY
23302;KNEELING MAT HOUSEWORK  DESIGN
23113;PANTRY CHOPPING BOARD
22468;BABUSHKA LIGHTS STRING OF 10
84569B;PACK 3 FIRE ENGINE/CAR PATCHES
21913;VINTAGE SEASIDE JIGSAW PUZZLES
85232A;SET/3 POLKADOT STACKING TINS
85044;RED REINDEER STRING OF 20 LIGHTS
22557;PLASTERS IN TIN VINTAGE PAISLEY 
23370;SET 36 COLOURING PENCILS DOILY
22774;RED DRAWER KNOB ACRYLIC EDWARDIAN
72349B;SET/6 PURPLE BUTTERFLY T-LIGHTS
22932;BAKING MOULD TOFFEE CUP CHOCOLATE
20984;12 PENCILS TALL TUBE POSY
16169C;WRAP BLUE REINDEER
22412;METAL SIGN NEIGHBOURHOOD WITCH 
21625;VINTAGE UNION JACK APRON
23482;PEARLISED IVORY HEART LARGE 
90214G;"LETTER ""G"" BLING KEY RING"
23318;BOX OF 6 MINI VINTAGE CRACKERS
22784;LANTERN CREAM GAZEBO 
22770;MIRROR CORNICE
22510;GINGHAM BABUSHKA DOORSTOP
47369A;PINK GREEN EMBROIDERY COSMETIC BAG
22827;GIANT SEVENTEEN DRAWER SIDEBOARD
90024A;NEW BAROQUE B'FLY NECKLACE BLACK
82483;WOOD 2 DRAWER CABINET WHITE FINISH
23187;FRENCH STYLE STORAGE JAR BONBONS
21210;SET OF 72 RETROSPOT PAPER  DOILIES
23608;SET 10 CARDS RUDOLPHS NOSE 17097
20838;FRENCH LATTICE CUSHION COVER 
21397;BLUE POLKADOT EGG CUP 
21485;RETROSPOT HEART HOT WATER BOTTLE
22467;GUMBALL COAT RACK
22585;PACK OF 6 BIRDY GIFT TAGS
22165;DIAMANTE HEART SHAPED WALL MIRROR, 
47367B;PAIR PADDED HANGERS PINK CHECK
23226;FILIGREE HEART DAISY WHITE
35916C;PINK FELT HANGING HEART W FLOWER
22973;CHILDRENS CIRCUS PARADE MUG
21918;SET 12 KIDS COLOUR  CHALK STICKS
23501;KEY RING BASEBALL BOOT UNION JACK
37446;MINI CAKE STAND WITH HANGING CAKES
21390;FILIGRIS HEART WITH BUTTERFLY
22829;SWEETHEART WIRE WALL TIDY
18094C;WHITE AND BLUE CERAMIC OIL BURNER
22286;DECORATION , WOBBLY RABBIT , METAL 
22382;LUNCH BAG SPACEBOY DESIGN 
23470;CARD HOLDER LOVE BIRD LARGE 
84559A;3D SHEET OF DOG STICKERS
85177;BASKET OF FLOWERS SEWING KIT
22643;SET OF 4 NAPKIN CHARMS LEAVES   
21164;HOME SWEET HOME METAL SIGN 
23661;MILK MAIDS MUG 
22147;FELTCRAFT BUTTERFLY HEARTS
23239;SET OF 4 KNICK KNACK TINS POPPIES
23469;CARD HOLDER LOVE BIRD SMALL
23016;GLASS TWIST BON BON JAR
84880;WHITE WIRE EGG HOLDER
71406C;BLACK ORANGE SQUEEZER
22813;PACK 3 BOXES BIRD PANETTONE 
35638B;PINK/BLUE STRING CURTAIN 
22558;CLOTHES PEGS RETROSPOT PACK 24 
21326;AGED GLASS SILVER T-LIGHT HOLDER
84692;BOX OF 24 COCKTAIL PARASOLS
23444;Next Day Carriage
23412;HEART MIRROR ANTIQUE WHITE
21222;SET/4 BADGES BEETLES
85049E;SCANDINAVIAN REDS RIBBONS
22478;BIRDHOUSE GARDEN MARKER 
21205;MULTICOLOUR 3D BALLS GARLAND
23188;VINTAGE  2 METER FOLDING RULER
72008;FROSTED BOX 9 WHITE T-LIGHT CANDLES
84596L;BISCUITS SMALL BOWL LIGHT BLUE
84875A;PINK SQUARE COMPACT MIRROR
22118;JOY WOODEN BLOCK LETTERS
90130A;WHITE STONE/CRYSTAL EARRINGS
22465;HANGING METAL STAR LANTERN
23154;SET OF 4 JAM JAR MAGNETS
90163A;PINK ROSEBUD & PEARL NECKLACE
23236;DOILEY STORAGE TIN
84497;BUTTONS AND STRIPES NOTEBOOK 
23116;VEGETABLE GARDEN CHOPPING BOARD
21942;SKULLS DESIGN FLANNEL
22451;SILK PURSE BABUSHKA RED
21784;SHOE SHINE BOX 
85123A;WHITE HANGING HEART T-LIGHT HOLDER
22597;MUSICAL ZINC HEART DECORATION 
21028;NINJA RABBIT BLACK
23027;DRAWER KNOB VINTAGE GLASS HEXAGON
84806B;WHITE CANDYSTUFT ARTIFICIAL FLOWER
22595;GINGHAM HEART DECORATION
85039A;SET/4 RED MINI ROSE CANDLE IN BOWL
90151;SILVER/NATURAL SHELL NECKLACE
84228;HEN HOUSE W CHICK STANDING
23476;WOODLAND LARGE RED FELT HEART
22703;PINK CAT BOWL
82494l;WOODEN FRAME ANTIQUE WHITE 
22726;ALARM CLOCK BAKELIKE GREEN
85034A;3 GARDENIA MORRIS BOXED CANDLES
21442;GREEN BIRDHOUSE DECORATION
79000;MOROCCAN TEA GLASS
21866;UNION JACK FLAG LUGGAGE TAG
84596j;MIXED NUTS LIGHT GREEN BOWL
22312;OFFICE MUG WARMER POLKADOT
22869;NUMBER TILE COTTAGE GARDEN 1
71101E;STANDING FAIRY POLE SUPPORT 
35971;ROSE FOLKART HEART DECORATIONS
90165A;PINK ROSEBUD PEARL EARRINGS
85014a;BLACK/BLUE POLKADOT UMBRELLA
21808;CHRISTMAS GARLAND STARS,TREES
47369B;BLUE GREEN EMBROIDERY COSMETIC BAG
23429;RED RETRO KITCHEN WALL CLOCK
85035B;CHOCOLATE 3 WICK MORRIS BOX CANDLE
90146;FINE SILVER NECKLACE W PASTEL FLOWE
22452;MEASURING TAPE BABUSHKA PINK
85179A;GREEN BITTY LIGHT CHAIN
23468;TUSCAN VILLA BIRD TABLE 
90003B;ROSE COLOUR PAIR HEART HAIR SLIDES
21089;SET/6 GREEN SPRING PAPER CUPS
21703;BAG 125g SWIRLY MARBLES
90154;LAZER CUT NECKLACE W PASTEL BEADS
47593A;CAROUSEL PONIES BABY BIB
90062;CARNIVAL BRACELET
84875D;BLUE SQUARE COMPACT MIRROR
90160A;PURPLE BOUDICCA LARGE BRACELET
23099;FRENCH CARRIAGE LANTERN
16238;PARTY TIME PENCIL ERASERS
22654;DELUXE SEWING KIT 
22848;BREAD BIN DINER STYLE PINK
35610A;PINK CHRISTMAS FLOCK DROPLET 
22381;TOY TIDY PINK RETROSPOT  
23010;CIRCUS PARADE BABY GIFT SET
22702;BLACK AND WHITE CAT BOWL
72140E;BEST DAD CANDLE LETTERS
85036C;ROSE 1 WICK MORRIS BOXED CANDLE
22994;TRAVEL CARD WALLET RETROSPOT
82607E;GLASS BONBON JAR. D'AMANDES
23150;IVORY SWEETHEART SOAP DISH
72349b;SET/6 PURPLE BUTTERFLY T-LIGHTS
21523;DOORMAT FANCY FONT HOME SWEET HOME
21194;PINK  HONEYCOMB PAPER FAN
85089;CANDY SPOT BUNNY
22889;NUMBER TILE VINTAGE FONT No 
35471A;SET OF 3 BIRD L.BLUE FEATHER
17091A;LAVENDER INCENSE IN TIN
35972;DAISY FOLKART HEART DECORATION
23202;JUMBO BAG VINTAGE LEAF
85203;HANGING WOOD AND FELT BUTTERFLY 
22712;CARD DOLLY GIRL 
85107;CUT GLASS T-LIGHT HOLDER OCTAGON
22791;T-LIGHT GLASS FLUTED ANTIQUE
35646;VINTAGE BEAD PINK EVENING BAG
22501;PICNIC BASKET WICKER LARGE
84997a;GREEN 3 PIECE POLKADOT CUTLERY SET
90127A;PINK BEADS+HAND PHONE CHARM
21232;STRAWBERRY CERAMIC TRINKET POT
23417;BATHROOM HOOK
22097;SWALLOW SQUARE TISSUE BOX
20936;FORKED CACTUS CANDLE
21537;RED RETROSPOT PUDDING BOWL
84712B;PINK JEWELLED PHOTO FRAME
90175C;BLUE GLASS CHUNKY CHARM BRACELET
23465;TUSCAN VILLA FEEDING STATION
23026;DRAWER KNOB VINTAGE GLASS STAR
82486;WOOD S/3 CABINET ANT WHITE FINISH
22783;SET 3 WICKER OVAL BASKETS W LIDS
85039B;S/4 IVORY MINI ROSE CANDLE IN BOWL
22030;SWALLOWS GREETING CARD
22593;CHRISTMAS GINGHAM STAR
20868;SILVER FABRIC MIRROR
23645;SET 10 CHRISTMAS CARDS HOHOHO 16956
21741;COSY SLIPPER SHOES LARGE GREEN
23430;BLUE RETRO KITCHEN WALL CLOCK
21754;HOME BUILDING BLOCK WORD
23520;EMBROIDERED RIBBON REEL RUBY 
84509A;SET OF 4 ENGLISH ROSE PLACEMATS
85094;CANDY SPOT EGG WARMER RABBIT
35931;PINK STAR CHRISTMAS DECORATION
23111;PARISIENNE SEWING BOX
22135;MINI LADLE LOVE HEART PINK
21318;GLASS CHALICE BLUE SMALL 
37461;FUNKY MONKEY MUG
23446;BLUE BUNNY EASTER EGG BASKET
22591;CARDHOLDER GINGHAM CHRISTMAS TREE
22375;AIRLINE BAG VINTAGE JET SET BROWN
47310M;SMALL POP BOX FUNKY MONKEY
21843;RED RETROSPOT CAKE STAND
22651;GENTLEMAN SHIRT REPAIR KIT 
22318;FIVE HEART HANGING DECORATION
84549;CROCHET WHITE RABBIT KEYRING 
21973;SET OF 36 MUSHROOM PAPER DOILIES
17003;BROCADE RING PURSE 
90129B;TURQUOISE GLASS TASSLE BAG CHARM 
20664;TROPICAL HOLIDAY PURSE 
22851;SET 20 NAPKINS FAIRY CAKES DESIGN 
22187;GREEN CHRISTMAS TREE CARD HOLDER
90018A;SILVER M.O.P ORBIT DROP EARRINGS
23304;SET 4 PICNIC CUTLERY CHERRY 
23138;SINGLE WIRE HOOK IVORY HEART
90161D;ANT COPPER PINK BOUDICCA BRACELET
23180;MUM'S KITCHEN CLOCK
79051A;SMOKEY GREY COLOUR GLASS
20856;DENIM PATCH PURSE PINK BUTTERFLY
82494L;WOODEN FRAME ANTIQUE WHITE 
22617;BAKING SET SPACEBOY DESIGN
22904;CALENDAR PAPER CUT DESIGN
22804;PINK HANGING HEART T-LIGHT HOLDER
84926E;FLOWERS TILE COASTER
90136;PALE PINK/AMETHYST STONE NECKLACE
46776b;WOVEN BERRIES CUSHION COVER 
84927F;PSYCHEDELIC TILE HOOK
85066;CREAM SWEETHEART MINI CHEST
22025;RING OF ROSES BIRTHDAY CARD
17174;ASSTD RASTA KEY-CHAINS
21497;FANCY FONTS BIRTHDAY WRAP
22537;MAGIC DRAWING SLATE DINOSAUR
23560;SET OF 6 RIBBONS COUNTRY STYLE
90019C;SILVER BLACK ORBIT BRACELET
20750;RED RETROSPOT MINI CASES
21789;KIDS RAIN MAC PINK
72800D;4 BLUE DINNER CANDLES SILVER FLOCK
21459;YELLOW EASTER EGG HUNT START POST
22057;CERAMIC PLATE STRAWBERRY DESIGN
21817;GLITTER CHRISTMAS TREE
22080;RIBBON REEL POLKADOTS 
47599B;BLUE PARTY BAGS 
84559B;3D SHEET OF CAT STICKERS
22383;LUNCH BAG SUKI  DESIGN 
84773;RED ROSE AND LACE C/COVER
23335;EGG FRYING PAN IVORY 
23413;DECORATIVE VINTAGE COFFEE  BOX
84201B;HAPPY BIRTHDAY CARD STRIPEY TEDDY
84925F;PSYCHEDELIC WALL THERMOMETER
22587;FELTCRAFT HAIRBAND RED AND BLUE
84536A;ENGLISH ROSE NOTEBOOK A7 SIZE
20777;CHRYSANTHEMUM NOTEBOOK
22517;CHILDS GARDEN RAKE PINK
90158;ST TROPEZ NECKLACE
84952B;BLACK LOVE BIRD T-LIGHT HOLDER
22037;ROBOT BIRTHDAY CARD
22041;"RECORD FRAME 7"" SINGLE SIZE "
85170B;SET/6 BLACK BIRD T-LIGHT CANDLES
85049e;SCANDINAVIAN REDS RIBBONS
90088;CRYSTAL KEY+LOCK PHONE CHARM
22918;HERB MARKER PARSLEY
21705;BAG 500g SWIRLY MARBLES
22615;PACK OF 12 CIRCUS PARADE TISSUES 
21908;CHOCOLATE THIS WAY METAL SIGN
23130;MISELTOE HEART WREATH 
22193;RED DINER WALL CLOCK
23332;IVORY WICKER HEART LARGE
90199A;5 STRAND GLASS NECKLACE BLACK
22055;MINI CAKE STAND  HANGING STRAWBERY
21122;SET/10 PINK POLKADOT PARTY CANDLES
22071;SMALL WHITE RETROSPOT MUG IN BOX 
21190;PINK HEARTS PAPER GARLAND
23408;PHOTO FRAME LINEN AND LACE SMALL
20765;CHRYSANTHEMUM SKETCHBOOK 
90168;2 DAISIES HAIR COMB
84228;HEN HOUSE WITH CHICK STANDING
21595;Dad's Cab Electronic Meter
21975;PACK OF 60 DINOSAUR CAKE CASES
84510A;SET OF 4 ENGLISH ROSE COASTERS
23442;12 HANGING EGGS HAND PAINTED
47594A;CAROUSEL DESIGN WASHBAG
90174;BUTTERFLY HAIR BAND
84660C;PINK STITCHED WALL CLOCK
77101A;UNION FLAG WINDSOCK
23266;SET OF 3 WOODEN STOCKING DECORATION
23039;T-LIGHT HOLDER SILVER HEART HANDLE
84661c;PINK SQUARE TABLE CLOCK
21833;CAMOUFLAGE LED TORCH
22952;72 CAKE CASES VINTAGE CHRISTMAS
22292;SPRING DEC , HANGING CHICK  YELLOW
21654;RIDGED GLASS FINGER BOWL
21930;JUMBO STORAGE BAG SKULLS
21354;TOAST ITS - BEST MUM
23681;LUNCH BAG RED VINTAGE DOILY
22377;BOTTLE BAG RETROSPOT 
72807A;SET/3 ROSE CANDLE IN JEWELLED BOX
35598B;BLACK CHRISTMAS TREE 60CM
21596;Hypochondriac Pill Stress Ball
21609;SET 12 LAVENDER  BOTANICAL T-LIGHTS
22051;BLUE SCANDINAVIAN PAISLEY WRAP
23427;STOOL HOME SWEET HOME 
22758;LARGE PURPLE BABUSHKA NOTEBOOK  
90072;RUBY DROP CHANDELIER EARRINGS
22740;POLKADOT PEN
84823;DANISH ROSE FOLDING CHAIR
23204;CHARLOTTE BAG APPLES DESIGN
21219;SET/4 BADGES BALLOON GIRL
20867;PINK ROSE FABRIC MIRROR
21426;WOODLAND STORAGE BOX SMALL
85063;CREAM SWEETHEART MAGAZINE RACK
47559b;TEA TIME OVEN GLOVE
90120D;WHITE MURANO TWIST BRACELET
17011F;ORIGAMI SANDLEWOOD INCENSE+FLOWER
22795;SWEETHEART RECIPE BOOK STAND
21632;VINTAGE PINK DECORATIVE PARASOL
23344;JUMBO BAG 50'S CHRISTMAS 
71053;WHITE MOROCCAN METAL LANTERN
22680;FRENCH BLUE METAL DOOR SIGN 5
21181;PLEASE ONE PERSON METAL SIGN
84550;CROCHET LILAC/RED BEAR KEYRING
48185;DOORMAT FAIRY CAKE
46776F;WOVEN ROSE GARDEN CUSHION COVER 
23601;SET 10 CARDS SNOWY SNOWDROPS  17100
51020A;SUMMER FUN DESIGN SHOWER CAP
23337;EGG FRYING PAN MINT 
22936;BAKING MOULD ROSE WHITE CHOCOLATE
15044C;PURPLE PAPER PARASOL
84661C;PINK SQUARE TABLE CLOCK
22352;LUNCH BOX WITH CUTLERY RETROSPOT 
85035C;ROSE 3 WICK MORRIS BOX CANDLE
23691;KEEP CALM BIRTHDAY WRAP
23163;REGENCY SUGAR TONGS
44228;CANNABIS LEAF BEAD CURTAIN
85135C;RED DRAGONFLY HELICOPTER
21245;GREEN POLKADOT PLATE 
22823;CHEST NATURAL WOOD 20 DRAWERS
35609A;PINK FEATHER CHRISTMAS DECORATION
84206A;3 BLACK CATS W HEARTS BLANK CARD
22584;PACK OF 6 PANETTONE GIFT BOXES
23141;TRIPLE WIRE HOOK PINK HEART
90125D;PURPLE BERTIE GLASS BEAD BAG CHARM
21484;CHICK GREY HOT WATER BOTTLE
21446;12 RED ROSE PEG PLACE SETTINGS
79406;FROSTED WHITE BASE 
47422;ASSORTED MONKEY SUCTION CUP HOOK
90030C;BROWN KUKUI COCONUT SEED NECKLACE
85198;ASSORTED FARMYARD ANIMALS IN BUCKET
35597A;DUSTY PINK CHRISTMAS TREE 30CM
35809a;ENAMEL PINK TEA CONTAINER
22420;LIPSTICK PEN BABY PINK
84910A;PINK PAISLEY CUSHION COVER 
22842;BISCUIT TIN VINTAGE RED
23346;SPACEBOY BEAKER
22186;RED STAR CARD HOLDER
90120C;GREEN MURANO TWIST BRACELET
23055;IVORY CHANDELIER T-LIGHT HOLDER
90214M;"LETTER ""M"" BLING KEY RING"
84985a;SET OF 72 GREEN PAPER DOILIES
22096;PINK PAISLEY SQUARE TISSUE BOX 
22798;ANTIQUE GLASS DRESSING TABLE POT
22340;NOEL GARLAND PAINTED ZINC 
23177;TREASURE ISLAND BOOK BOX
84970s;HANGING HEART ZINC T-LIGHT HOLDER
90128D;PURPLE LEAVES AND BEADS PHONE CHAR
20975;12 PENCILS SMALL TUBE RED RETROSPOT
21577;SAVE THE PLANET COTTON TOTE BAG
23428;IVORY RETRO KITCHEN WALL CLOCK
22152;PLACE SETTING WHITE STAR
22644;CERAMIC CHERRY CAKE MONEY BANK
85131C;BEADED CRYSTAL HEART BLUE ON STICK
90055;CRACKED GLAZE EARRINGS BROWN
22080;RIBBON REEL SPOTS DESIGN 
22940;FELTCRAFT CHRISTMAS FAIRY
23121;PACK OF 6 COCKTAIL PARASOL STRAWS
22075;6 RIBBONS ELEGANT CHRISTMAS 
21986;PACK OF 12 PINK POLKADOT TISSUES
84744;S/6 SEW ON CROCHET FLOWERS
22197;SMALL POPCORN HOLDER
22987;WRAP , SUMMER ROSE DESIGN
47563A;RETRO LONGBOARD IRONING BOARD COVER
84795B;SUNSET CHECK HAMMOCK
22047;EMPIRE GIFT WRAP
23461;SWEETHEART BIRD HOUSE
37447;CERAMIC CAKE DESIGN SPOTTED PLATE
22649;STRAWBERRY FAIRY CAKE TEAPOT
20795;LARGE BLUE PROVENCAL CERAMIC BALL
84997c;CHILDRENS CUTLERY POLKADOT BLUE
20821;GOLDIE LOOKING MIRROR
22697;GREEN REGENCY TEACUP AND SAUCER
22986;WRAP GINGHAM ROSE 
22166;WALL MIRROR RECTANGLE DIAMANTE PINK
20848;ZINC HEART LATTICE CHARGER SMALL
22088;PAPER BUNTING COLOURED LACE
22950;36 DOILIES VINTAGE CHRISTMAS
84997B;RED 3 PIECE MINI DOTS CUTLERY SET
35809A;ENAMEL PINK TEA CONTAINER
84596B;SMALL DOLLY MIX DESIGN ORANGE BOWL
20668;DISCO BALL CHRISTMAS DECORATION
16168M;FUNKY MONKEY GIFT BAG MEDIUM
22893;MINI CAKE STAND T-LIGHT HOLDER
82001S;SILVER RECORD COVER FRAME
20669;RED HEART LUGGAGE TAG
22574;HEART WOODEN CHRISTMAS DECORATION
21200;MULTICOLOUR HONEYCOMB PAPER GARLAND
22431;WATERING CAN BLUE ELEPHANT
22534;MAGIC DRAWING SLATE SPACEBOY 
22130;PARTY CONE CHRISTMAS DECORATION 
22267;EASTER DECORATION EGG BUNNY 
22586;FELTCRAFT HAIRBAND PINK AND BLUE
35597B;BLACKCHRISTMAS TREE 30CM
21793;CLASSIC FRENCH STYLE BASKET BROWN
84509c;SET OF 4 POLKADOT PLACEMATS 
90214C;"LETTER ""C"" BLING KEY RING"
37444A;YELLOW BREAKFAST CUP AND SAUCER
21745;GAOLERS KEYS DECORATIVE GARDEN 
22354;RETROSPOT PADDED SEAT CUSHION
21945;STRAWBERRIES  DESIGN FLANNEL 
22742;MAKE YOUR OWN PLAYTIME CARD KIT
90201A;PURPLE ENAMEL FLOWER RING
84559D;3D SHEET OF SEA WORLD STICKERS
72807C;SET/3 VANILLA SCENTED CANDLE IN BOX
20997;ROSE DU SUD CUSHION COVER 
22838;3 TIER CAKE TIN RED AND CREAM
84997A;CHILDRENS CUTLERY POLKADOT GREEN 
22782;SET 3 WICKER STORAGE BASKETS 
23325;RUSTIC STRAWBERRY JAMPOT SMALL
22954;HEN PARTY BANNER TAPE
23378;PACK OF 12 50'S CHRISTMAS TISSUES
79066K;RETRO MOD TRAY
22951;60 CAKE CASES DOLLY GIRL DESIGN
16235;RECYCLED PENCIL WITH RABBIT ERASER
21868;POTTING SHED TEA MUG
22513;DOORSTOP FOOTBALL DESIGN
84509b;SET OF 4 FAIRY CAKE PLACEMATS
21464;DISCO BALL ROTATOR BATTERY OPERATED
22663;JUMBO BAG DOLLY GIRL DESIGN
22068;BLACK PIRATE TREASURE CHEST
85039C;S/4 BLACK MINI ROSE CANDLE IN BOWL
23174;REGENCY SUGAR BOWL GREEN
22966;GINGERBREAD MAN COOKIE CUTTER
23426;METAL SIGN DROP YOUR PANTS
23345; DOLLY GIRL BEAKER
22040;BOTANICAL ROSE GIFT WRAP
16052;TEATIME PUSH DOWN RUBBER
21983;PACK OF 12 BLUE PAISLEY TISSUES 
23249;VINTAGE RED ENAMEL TRIM PLATE
90014B;GOLD M PEARL  ORBIT NECKLACE
22630;DOLLY GIRL LUNCH BOX
22624;IVORY KITCHEN SCALES
21949;SET OF 6 STRAWBERRY CHOPSTICKS
23107;WHITE HEARTS WIRE PLANT POT HOLDER
84711A;SILVER OVAL SHAPE TRINKET BOX
84828;JUNGLE POPSICLES ICE LOLLY HOLDERS
16020C;CLEAR STATIONERY BOX SET 
84509E;SET OF 4 CAROUSEL PLACEMATS 
17012B;ORIGAMI JASMINE INCENSE/CANDLE SET
90016B;GOLD/M.O.P PENDANT ORBIT NECKLACE
21872;GLAMOROUS  MUG
23702;High Resolution Image
35914;PINK CHICK EGG WARMER + EGG CUP
23562;SET OF 6 RIBBONS PERFECTLY PRETTY  
21157;RED RETROSPOT WASHBAG
20716;PARTY FOOD SHOPPER BAG
90142C;ROSE PINK PENDANT SHELL NECKLACE
23031;DRAWER KNOB CRACKLE GLAZE PINK
22335;HEART DECORATION PAINTED ZINC 
23537;I LOVE LONDON WALL ART
23541;WALL ART ,PUDDINGS 
22191;IVORY DINER WALL CLOCK
62018;SOMBRERO 
85049c;ROMANTIC PINKS RIBBONS 
90155;RESIN NECKLACE W PASTEL BEADS
16258A;SWIRLY CIRCULAR RUBBERS IN BAG
85049B;LUSH GREENS RIBBONS
21307;SET/4 BUTTERFLY MIRROR MAGNETS
16161P;WRAP ENGLISH ROSE 
72799F;IVORY PILLAR CANDLE GOLD FLOCK
22512;DOORSTOP RACING CAR DESIGN
22647;CERAMIC LOVE HEART MONEY BANK
DCGSSGIRL;GIRLS PARTY BAG
17001;HEAVENS SCENT FRAGRANCE OILS ASSTD
23313;VINTAGE CHRISTMAS BUNTING
22173;METAL 4 HOOK HANGER FRENCH CHATEAU
85135A;YELLOW DRAGONFLY HELICOPTER
37333;"RETRO ""TEA FOR ONE"" "
79163;BLACK CHAMPAGNE GLASS
90042B;FRESHWATER PEARL BRACELET PINK
22398;MAGNETS PACK OF 4 SWALLOWS
21114;LAVENDER SCENTED FABRIC HEART
23377;PACK OF 12 DOLLY GIRL TISSUES
22287;DECORATION WOBBLY CHICKEN
90180A;BLACK+WHITE NECKLACE W TASSEL
90064A;WHITE VINTAGE CRYSTAL EARRINGS
21627;ELEPHANT CARNIVAL POUFFE
90125B;AQUA BERTIE GLASS BEAD BAG CHARM
47013C;WINE BOTTLE DRESSING DARK BLUE
21479;WHITE SKULL HOT WATER BOTTLE 
23395;BELLE JARDINIERE CUSHION COVER
21365;MIRRORED WALL ART STARS
22450;SILK PURSE BABUSHKA BLUE
72814;SET OF 3 CHRISTMAS BRIAR CANDLES
22169;FAMILY ALBUM WHITE PICTURE FRAME
22378;WALL TIDY RETROSPOT 
20846;ZINC HEART LATTICE T-LIGHT HOLDER
90209B;GREEN ENAMEL+GLASS HAIR COMB
85189;HANGING BUTTERFLY  EGG
22231;JIGSAW TREE WITH BIRDHOUSE
82613D;METAL SIGN CUPCAKE SINGLE HOOK
20869;GOLD FABRIC MIRROR
84952A;CLEAR LOVE BIRD T-LIGHT HOLDER
22833;HALL CABINET WITH 3 DRAWERS
21432;SET OF 3 CASES WOODLAND DESIGN
37450;CERAMIC CAKE BOWL + HANGING CAKES
23064;CINDERELLA CHANDELIER 
40001;WHITE BAMBOO RIBS LAMPSHADE
20893;HANGING BAUBLE T-LIGHT HOLDER SMALL
84678;CLASSICAL ROSE SMALL VASE
21116;OWL DOORSTOP
21630;FLOOR CUSHION ELEPHANT CARNIVAL
22788;BROCANTE COAT RACK
90025A;BAROQUE BUTTERFLY EARRINGS BLACK
21507;ELEPHANT BIRTHDAY CARD 
47480;HANGING PHOTO CLIP ROPE LADDER
22541;MINI JIGSAW LEAP FROG
85049a;TRADITIONAL CHRISTMAS RIBBONS
22570;FELTCRAFT CUSHION RABBIT
20665;RED RETROSPOT PURSE 
21544;SKULLS  WATER TRANSFER TATTOOS 
22399;MAGNETS PACK OF 4 CHILDHOOD MEMORY
21889;WOODEN BOX OF DOMINOES
22988;SOLDIERS EGG CUP 
22990;COTTON APRON PANTRY DESIGN
47504K;ENGLISH ROSE GARDEN SECATEURS
23373;VINTAGE CHRISTMAS PAPER GIFT BAG
22572;ROCKING HORSE GREEN CHRISTMAS 
23343;JUMBO BAG VINTAGE CHRISTMAS 
85163A;WHITE BAROQUE WALL CLOCK 
90164B;WHITE  ROSEBUD PEARL BRACELET
21204;DAISIES  HONEYCOMB GARLAND 
22344;PARTY PIZZA DISH PINK POLKADOT
DOT;DOTCOM POSTAGE
22781;GUMBALL MAGAZINE RACK
85024B;EAU DE NILE JEWELLED PHOTOFRAME
84927D;LA PALMIERA TILE HOOK
22843;BISCUIT TIN VINTAGE GREEN
22548;HEADS AND TAILS SPORTING FUN
22408;MONEY BOX CONFECTIONERY DESIGN
22618;COOKING SET RETROSPOT
90185D;CRYSTAL DIAMANTE EXPANDABLE RING
85014A;BLACK/BLUE DOTS RUFFLED UMBRELLA
23126;FELTCRAFT GIRL AMELIE KIT
84766;SILVER ROCOCO CANDLE STICK
90128B;BLUE LEAVES AND BEADS PHONE CHARM
23407;SET OF 2 TRAYS HOME SWEET HOME
22609;PENS ASSORTED SPACEBALL
84192;ASSORTED COLOUR METAL CAT 
23119;PACK OF 6 LARGE FRUIT STRAWS 
22190;LOCAL CAFE MUG
85111;SILVER GLITTER FLOWER VOTIVE HOLDER
23614;SET 10 CARDS 12 DAYS WRAP  17058
21376;LARGE  TALL CAMPHOR WOOD TOADSTOOL 
21910;WAY OUT METAL SIGN 
90125A;PINK BERTIE GLASS BEAD BAG CHARM
22438;BALLOON ART MAKE YOUR OWN FLOWERS
85130B;BEADED CRYSTAL HEART GREEN LARGE
21718;RED METAL BEACH SPADE 
23056;FLOWERS CHANDELIER T-LIGHT HOLDER
90141A;GREEN PENDANT TRIPLE SHELL NECKLACE
21769;VINTAGE POST OFFICE CABINET
23381;PACK OF 12 VINTAGE LEAF TISSUES 
20866;BLUE ROSE FABRIC MIRROR
21714;CITRONELLA CANDLE GARDEN POT
90214V;"LETTER ""V"" BLING KEY RING"
22670;FRENCH WC SIGN BLUE METAL
21275;ZINC TOP  2 DOOR WOODEN SHELF 
21284;RETROSPOT CANDLE  SMALL
21454;PAINTED PINK RABBIT 
22518;CHILDS GARDEN BRUSH BLUE
84507B;STRIPES DESIGN MONKEY DOLL
84551;CROCHET DOG KEYRING
22847;BREAD BIN, DINER STYLE, IVORY
23076;ICE CREAM SUNDAE LIP GLOSS
23292;SPACEBOY CHILDRENS CUP
22704;WRAP RED APPLES 
21306;SET/4 DAISY MIRROR MAGNETS
21820;GLITTER HEART GARLAND WITH BELLS 
22531;MAGIC DRAWING SLATE CIRCUS PARADE  
20756;GREEN FERN POCKET BOOK
23437; 50'S CHRISTMAS GIFT BAG LARGE
22916;HERB MARKER THYME
23133;LARGE IVORY HEART WALL ORGANISER
82011B;BATHROOM SCALES RUBBER DUCKS
22760;TRAY, BREAKFAST IN BED
84031b;CHARLIE LOLA BLUE HOT WATER BOTTLE 
22970;LONDON BUS COFFEE MUG
84931B;BLUE SCOTTIE DOG W FLOWER PATTERN
22035;VINTAGE CARAVAN GREETING CARD 
90036F;"FLOWER GLASS GARLD NECKL36""TURQUOIS"
90162D;ANT SILVER PURPLE BOUDICCA RING
22938;CUPCAKE LACE PAPER SET 6
35095A;BLUE VICTORIAN FABRIC OVAL BOX
20886;BOX OF 9 PEBBLE CANDLES
84984C;ORIENTAL BLUE CUSHION COVER 
22772;PINK DRAWER KNOB ACRYLIC EDWARDIAN
84659A;WHITE TRAVEL ALARM CLOCK
23359;SET OF 12 T-LIGHTS VINTAGE DOILY
22325;MOBILE VINTAGE HEARTS 
21135;VICTORIAN  METAL POSTCARD SPRING
22413;METAL SIGN TAKE IT OR LEAVE IT 
20764;ABSTRACT CIRCLES SKETCHBOOK 
35599D;PINK AND WHITE CHRISTMAS TREE 120CM
90201B;BLACK ENAMEL FLOWER RING
85132B;CHARLIE AND LOLA TABLE TINS
22597;CHRISTMAS MUSICAL ZINC HEART 
71459;HANGING JAM JAR T-LIGHT HOLDER
21238;RED SPOTTY CUP
23301;GARDENERS KNEELING PAD KEEP CALM 
23166;MEDIUM CERAMIC TOP STORAGE JAR
22162;HEART GARLAND RUSTIC PADDED
84921;CREAM AND PINK FLOWERS PONY 
85049H;URBAN BLACK RIBBONS 
47590b;PINK HAPPY BIRTHDAY BUNTING
22198;LARGE POPCORN HOLDER 
22862;LOVE HEART NAPKIN BOX 
62096A;PINK/YELLOW FLOWERS HANDBAG
22396;MAGNETS PACK OF 4 RETRO PHOTO
21125;SET 6 FOOTBALL CELEBRATION CANDLES
21042;RED RETROSPOT APRON 
37468;HARDMAN MUG 3 ASSORTED
21340;CLASSIC METAL BIRDCAGE PLANT HOLDER
20837;FRENCH FLORAL CUSHION COVER 
21638;ASSORTED TUTTI FRUTTI NOTEBOOK
84750B;BLACK SMALL GLASS CAKE STAND
22127;PARTY CONES CARNIVAL ASSORTED
90179A;AMBER FINE BEAD NECKLACE W TASSEL
23315;IVORY REFECTORY CLOCK
85114b;IVORY ENCHANTED FOREST PLACEMAT
84613C;BLUE NEW BAROQUE FLOCK CANDLESTICK
23334;IVORY WICKER HEART SMALL
23473;WOODLAND SMALL RED FELT HEART
22163;HEART STRING MEMO HOLDER HANGING
23416;CHAMBRE HOOK
22743;MAKE YOUR OWN FLOWERPOWER CARD KIT
23253;16 PIECE CUTLERY SET PANTRY DESIGN
85106;CUT GLASS HEXAGON T-LIGHT HOLDER
20878;SET/9 CHRISTMAS T-LIGHTS SCENTED 
82616B;FRAPPUCINO SCARF KNITTING KIT
85173;SET/6 FROG PRINCE T-LIGHT CANDLES
84536a;ENGLISH ROSE NOTEBOOK A7 SIZE
23139;SINGLE WIRE HOOK PINK HEART
21231;SWEETHEART CERAMIC TRINKET BOX
21232;STRAWBERRY CERAMIC TRINKET BOX
21637;ASSORTED SANSKRIT MINI NOTEBOOK
84874B;BLUE TRAVEL FIRST AID KIT
21538;DAIRY MAID  PUDDING BOWL
23437;GIFT BAG LARGE 50'S CHRISTMAS
23147;SINGLE ANTIQUE ROSE HOOK IVORY
22885;NUMBER TILE VINTAGE FONT 6 
23529;DOLLY GIRL WALL ART
22244;HOOK, 3 HANGER ,MAGIC GARDEN
84952C;MIRROR LOVE BIRD T-LIGHT HOLDER
21124;SET/10 BLUE SPOTTY PARTY CANDLES
21816;CHRISTMAS TREE T-LIGHT HOLDER
71215;METAL BASE FOR CANDLES
22636;CHILDS BREAKFAST SET CIRCUS PARADE
85150;LADIES & GENTLEMEN METAL SIGN
23061;VINTAGE EMBOSSED HEART
22269;EGG CUP NATURAL CHICKEN
72812;LARGE ZINC GLASS CANDLEHOLDER
22114;HOT WATER BOTTLE TEA AND SYMPATHY
22721;SET OF 3 CAKE TINS SKETCHBOOK
21313;GLASS HEART T-LIGHT HOLDER 
21870;I CAN ONLY PLEASE ONE PERSON MUG
22271;FELTCRAFT DOLL ROSIE
90177D;DROP DIAMANTE EARRINGS PURPLE
84984B;RED PEONY CUSHION COVER 
20835;FRENCH LATTICE CUSHION COVER 
90192;JADE DROP EARRINGS W FILIGREE
22925;BLUE GIANT GARDEN THERMOMETER
21117;BLOND DOLL DOORSTOP
21507;ELEPHANT, BIRTHDAY CARD, 
22763;KEY CABINET MA CAMPAGNE
21628;TRIANGULAR POUFFE VINTAGE 
21051;RIBBONS PURSE 
20670;VIP HOLIDAY PURSE
75011;BLUE DAISY MOBILE
90115;SUMMER BUTTERFLIES BAG CHARM
72801g;4 BURGUNDY WINE DINNER CANDLES
23091;ZINC HERB GARDEN CONTAINER
22921;HERB MARKER CHIVES 
22337;ANGEL DECORATION PAINTED ZINC 
22102;MIRROR MOSAIC T-LIGHT HOLDER 
22024;RAINY LADIES BIRTHDAY CARD
23654;SET 10 CARD SNOWMAN 16965
22678;FRENCH BLUE METAL DOOR SIGN 3
21470;FLOWER VINE RAFFIA FOOD COVER
23519;EMBROIDERED RIBBON REEL CLAIRE
23627;SET 10 CARDS XMAS GRAPHIC  17218
85035b;CHOCOLATE 3 WICK MORRIS BOX CANDLE
23070;EDWARDIAN HEART PHOTO FRAME
22713;CARD I LOVE LONDON 
90001B;ANTIQUE MID BLUE FLOWER EARRINGS
90040C;MURANO STYLE GLASS BRACELET GOLD
22264;FELT FARM ANIMAL WHITE BUNNY 
84625D;WHITE NEWBAROQUE CANDLESTICK CANDLE
15034;PAPER POCKET TRAVELING FAN 
22560;TRADITIONAL MODELLING CLAY
16054;POPART RECT PENCIL SHARPENER ASST
22432;WATERING CAN PINK BUNNY
84522;PINK PARTY SUNGLASSES
85215;ASSORTED CHEESE FRIDGE MAGNETS
21736;GOLD SCROLL GLASS T-LIGHT HOLDER
20676;RED SPOTTY BOWL
20816;GOLD FLOWER CUSHION COVER 
84510F;SET OF 4 NEW ENGLAND COASTERS 
21241;GREEN SPOTTY CUP
37489C;GREEN/BLUE FLOWER DESIGN BIG MUG
23237;SET OF 4 KNICK KNACK TINS LEAVES 
22886;NUMBER TILE VINTAGE FONT, 7
90027A;GLASS BEAD HOOP EARRINGS BLACK
37462B;PET MUG, BUDGIE
22850;BREAD BIN DINER STYLE BLACK
22180;RETRO SPOT LAMP
44089C;LILAC GAUZE BUTTERFLY LAMPSHADE
35004P;SET OF 3 PINK FLYING DUCKS
21042;RED SPOTTY APRON 
35981C;WHITE SNOW SCANDINAVIAN STOCKING 
90039B;FIRE POLISHED GLASS BRACELET MONTAN
21341;KASBAH LANTERN WITH GLASS 
22344;PARTY PIZZA DISH PINK RETROSPOT
DCGS0058;MISO PRETTY  GUM
62074B;ELEPHANT CLIP W SUCTION CUP
90026A;GLASS BEAD HOOP NECKLACE BLACK
17107D;FLOWER FAIRY 5 SUMMER DRAW LINERS
35594;WOODEN CHRISTMAS TREE 3 HANGING
22227;DECORATION, HANGING HEART+MIRROR 
23212;PAINTED HEART WREATH WITH BELL
22937;BAKING MOULD CUPCAKE CHOCOLATE
84016;FLAG OF ST GEORGE CAR FLAG
20678;LARGE BLACK DIAMANTE HAIRSLIDE
20845;ZINC HEART LATTICE 2 WALL PLANTER
22667;RECIPE BOX RETRO SPOT DESIGN
47568;ENGLISH ROSE DESIGN PEG BAG
23041;PAPER LANTERN 6 POINT SNOW STAR
21532;DAIRY MAID SUGAR JAM BOWL
35962;SET/12 ZINC CHRISTMAS DECORATIONS
21214;SET OF 72 IVORY PAPER DOILIES
84802B;PURPLE ANEMONE ARTIFICIAL FLOWER
21242;RED SPOTTY PLATE 
37503;TEA TIME CAKE STAND IN GIFT BOX
22036;DINOSAUR BIRTHDAY CARD
20786;BLACK RETRO BAR STOOL
35980C;REDWHITE STRIPE SCANDINAVIAN HEART 
21154;RED SPOTTY OVEN GLOVE 
22879;NUMBER TILE VINTAGE FONT, 0
22881;NUMBER TILE VINTAGE FONT, 2
90034;WHITE SILVER NECKLACE SHELL GLASS
20864;DENIM PATCH PENCIL CASE BUTTERFLY
84809B;PINK CHRYSANTHEMUMS ART FLOWER
20685;DOOR MAT RED SPOT
22699;TEACUP AND SAUCER REGENCY ROSES
79532;MOSAIC GLASS BALL CANDLEHOLDER
22777;GLASS BELL JAR LARGE
23396;BUTTERFLY CUSHION COVER
20979;36 PENCILS TUBE RED SPOTTY
22883;NUMBER TILE VINTAGE FONT, 4
22852;ENAMEL DOG BOWL CREAM
84706D;CHERRY BLOSSOM TABLE CLOCK 
90016C;SILVER/BLACK PENDANT ORBIT NECKLACE
82607A;GLASS BONBON JAR PARFUME AUX FLEURE
22736;RIBBON REEL, MAKING SNOWMEN 
84424A;FOUR PICTURE WHITE GLASS FRAME
79323B;BLACK CHERRY LIGHTS
23040;PAPER LANTERN 9 POINT SNOW STAR
35816P;ACRYLIC JEWEL ANGEL,PINK
84666;SQUARE CHERRY BLOSSOM CABINET
90210C;RED   ACRYLIC FACETED BANGLE
23091;METAL HERB GERDEN CONTAINER
22884;NUMBER TILE VINTAGE FONT, 5
20750;RED/WHITE DOT MINI CASES
22885;NUMBER TILE VINTAGE FONT, 6 
84971s;SMALL HEART FLOWERS HOOK 
21588;RETRO SPOT GIANT  TUBE MATCHES
22776;CAKESTAND, 3 TIER, LOVEHEART
22345;PARTY PIZZA DISH BLUE RETROSPOT
84691;PACK 20 DOLLY PEGS
20784;RED RETRO BAR STOOL
21416;CLAM SHELL LARGE
22094;RED POLKA DOT TISSUE BOX
21239;PINK  SPOTTY CUP
21398;RED  SPOTTY COFFEE  MUG
20675;BLUE SPOTTY BOWL
79329;PINK FLOCK GLASS CANDLEHOLDER
22853;ENAMEL CAT BOWL CREAM
21395;BLUE SPOTTY BEAKER 
84967C;GREEN KASHMIRI OCCASIONAL TABLE
90038C;GLASS AND BEADS BRACELET IVORY
84313A;PINK TV TRAY TABLE 
90024E;NEW BAROQUE B'FLY NECKLACE MONTANA
16047;POP ART PEN CASE & PENS
84732D;CUTE RABBIT CEATURE SCREEN 
21478;SILVER SKULL HOT WATER BOTTLE 
23229;DONKEY TAIL GAME 
84597B;RETRO BROWN BALL ASHTRAY 
17165B;ASS COL LARGE SAND GECKO P'WEIGHT
84986B;SET OF 36 SILVER PAPER DOILIES
23280;FOLDING MIRROR HOT PINK 
84805B;BLUE CLIMBING HYDRANGA ART FLOWER
21986;PACK OF 12 PINK SPOT TISSUES 
21243;PINK  SPOTTY PLATE 
84906;PINK B'FLY C/COVER W BOBBLES
84415B;BLUE FLOCK CUSHION COVER 
22963;JAM JAR WITH BLUE LID
21120;*Boombox Ipod Classic
35937;CERISE+GOLD CHRISTMAS STOCKING DEC
90041;PEARL AND CHERRY QUARTZ BRACLET
20954;*USB Office Mirror Ball
84798A;PINK FOXGLOVE ARTIIFCIAL FLOWER
22882;NUMBER TILE VINTAGE FONT, 3
82613b;METAL SIGN,CUPCAKE SINGLE HOOK
84482;BUTTONS DESIGN JEWELLERY BOX
23254;KIDS CUTLERY DOLLY GIRL 
20700;GREEN CAT FLORAL CUSHION COVER 
23236;DOILEY BISCUIT TIN
90065A;WHITE VINTAGE CRYSTAL BRACELET
84661a;WHITE SQUARE TABLE CLOCK
22333;RETRO SPOT PARTY BAG + STICKER SET
20667;CHERRY BLOSSOM PURSE
20681;PINK SPOTTY CHILDS UMBRELLA
21482;MUSHROOM BLUE HOT WATER BOTTLE
35160;BUDDHA INCENSE HOLDER ASSORTED
72529W;WHITE ADVENT CANDLE
22952;SET 72 CAKE CASES VINTAGE CHRISTMAS
21245;GREEN  SPOTTY PLATE 
22950;SET OF 36 DOILIES VINTAGE CHRISTMAS
23134;LARGE ZINC HEART WALL ORGANISER
84251B;GREETING CARD, STICKY GORDON
22384;LUNCH BAG PINK RETROSPOT
21737;SET 3 WICKER LOG BASKETS
21655;HANGING RIDGE GLASS T-LIGHT HOLDER
21336;GOLD WASHBAG
gift_0001_50;Dotcomgiftshop Gift Voucher £50.00
85028S;FRENCH CHATEAU SMALL FRUITBOWL
84800S;SMALL WHITE/PINK ROSE ART FLOWER
35596;WOOD XMAS TREE 9 FIG SHELVES
84597C;RETRO PINK BALL ASHTRAY 
21095;SET/6 POSIES PAPER PLATES
22849;BREAD BIN, DINER STYLE, MINT
90056;CHUNKY CRACKED GLAZE NECKLACE IVORY
85195;HANGING HEART BASKET
21880;RED AND WHITE SPOT TAPE
22143;CHRISTMAS CRAFT HEART DECORATIONS
20677;PINK SPOTTY BOWL
23342;MINT DINER CLOCK
72606A;BROWN ANTIQUE CUBE CANDLE
44230;SQUARE MIRROR CURTAIN
84709A;SILVER OVAL JEWELLED MIRROR
47570b;TEA TIME TABLE CLOTH
85081;PADDED HOLLY CHRISTMAS DECORATION 
84804A;CREAM DELPHINIUM ARTIFICIAL FLOWER
84804B;BLUE DELPHINIUM ARTIFICIAL FLOWER
35610C;WHITE CHRISTMAS FLOCK DROPLET 
81950V;FLOWER PURPLE CLOCK W/SUCKER
20674;GREEN SPOTTY BOWL
21009;ETCHED GLASS STAR TREE DECORATION
84845D;GERANIUM SQUARE HANDY TIN
85036b;CHOCOLATE 1 WICK MORRIS BOX CANDLE
75172;PAINTED SEA SHELL METAL WINDCHIME
22697;TEACUP AND SAUCER REGENCY GREEN
84612B;SET/4 BLACK  BAROQUE FLOCK COASTER
47579;TEA TIME BREAKFAST BASKET
22200;FRYING PAN PINK POLKADOT 
21010;ETCHED GLASS BIRD TREE DECORATION
84968f;SET OF 16 VINTAGE SKY BLUE CUTLERY
21611;SET OF 12 LILY BOTANICAL T-LIGHTS
90091;CRYSTAL DRAGONFLY PHONE CHARM
20943;SET/6 GINGERBREAD STAR T-LIGHTS
35911B;PINK/FLOWER RABBIT EGG WARMER 
17007B;S/3 POT POURI CUSHIONS BLUE COLOURS
37492B;BLUE YELLOW FLOWER PIGGY BANK
23194;GYMKHANNA TREASURE BOOK BOX
22880;NUMBER TILE VINTAGE FONT, 1
82069;BEECH WOOD P/FRAME
21041;RED SPOTTY OVEN GLOVE DOUBLE
21240;BLUE  SPOTTY CUP
DCGS0004;HAYNES CAMPER SHOULDER BAG
84795C;OCEAN STRIPE HAMMOCK 
16162L;THE KING GIFT BAG
90167;BEADED LOVE HEART JEWELLERY SET
20818;GOLD TEDDY BEAR
44092B;BLUE WHITE PLASTIC RINGS LAMPSHADE
22287;DECORATION , WOBBLY CHICKEN, METAL 
79336;LIGHT PINK FLOCK GLASS CANDLEHOLDER
22778;GLASS BELL JAR SMALL
16169F;WRAP BLIZZARD
TEST001;This is a test product.
m;Manual
21244;BLUE  SPOTTY PLATE 
90002B;FLOWER BURST SILVER RING ROSE
85099b;JUMBO BAG RED RETROSPOT
84806A;PINK CANDYSTUFT ARTIFICIAL FLOWER
79172D;PURPLE TINT ACRYLIC FLOWER VASE
22843;BISCUIT TIN, MINT,IVORY, VINTAGE
35915B;BLUE KNITTED HEN 
35936;CERISE+GOLD CHRISTMAS TREE DEC
23103;BELL HEART DECORATION
84967A;PINK KASHMIRI OCCASIONAL TABLE
22937;BAKING MOULD CHOCOLATE CUP CAKES
90025C;BAROQUE BUTTERFLY EARRINGS GREEN
22740;POLKADOT PENS
22348;TEA BAG PLATE RED SPOTTY 
22310;KNITTED MUG COSY IVORY COLOUR 
35811A;ENAMEL PINK SUGAR CONTAINER
22772;DRAWER KNOB ACRYLIC EDWARDIAN PINK
22887;NUMBER TILE VINTAGE FONT, 8
20976;12 PENCILS SMALL TUBE POSY
90037C;TINY CRYSTAL BRACELET BLUE
22896;PEG BAG APPLE DESIGN
79534;MULTICOLOUR GLASS PLATE
20682;RED SPOTTY CHILDS UMBRELLA
23252;ENAMEL JUG PANTRY
gift_0001_40;Dotcomgiftshop Gift Voucher £40.00
90025B;BAROQUE BUTTERFLY EARRINGS RED
21924;BLUE/CREAM STRIPE FRINGE HAMMOCK
DCGS0070;CAMOUFLAGE DOG COLLAR
90060B;FIRE POLISHED GLASS NECKL GOLD
20785;FUSCHIA RETRO BAR STOOL
22775;DRAWERKNOB ACRYLIC EDWARDIAN PURPLE
23250;ENAMEL BOWL PANTRY
35004p;SET OF 3 PINK FLYING DUCKS
21247;SET OF RED SALAD SERVERS 
22932;BAKING MOULD TOFFEE CUP  CHOCOLATE
85231b;CINAMMON SET OF 9 T-LIGHTS
90077;BLACK DIAMOND CLUSTER EARRINGS
21123;SET/10 IVORY SPOTTY PARTY CANDLES
22204;MILK PAN BLUE RETROSPOT
DCGS0069;OOH LA LA DOGS COLLAR
21795;SET OF 3 BLUE STRIPE BASKET
23196;RETO LEAVES MAGNETIC SHOPPING LIST
85188B;PINK METAL SWINGING BUNNY
85109;PINK BOUDOIR T-LIGHT HOLDER
84901;BLACK FACE LAMB WITH PANTS
84857C;PINK MONTE CARLO HANDBAG
90141B;IVORY PENDANT TRIPLE SHELL NECKLACE
84919;BLUE CUSHION COVER WITH FLOWER
17033;BROCADE PURSE,SMALL ARCH BUTTON
84405A;S/3 PINK COL METAL BASKET W HANDLE
16201A;PASTEL PINK PHOTO ALBUM
21980;PACK OF 12 RED SPOTTY TISSUES 
47348A;FUSCHIA VOILE POINTY SHOE DEC
23256;KIDS CUTLERY SPACEBOY 
22861;EASTER TIN CHICKS IN GARDEN
16043;POP ART PUSH DOWN RUBBER 
90203;SILVER CHARM NECKLACE 70CM
21919;Electronic Talking Breath-A-Loser
22773;DRAWER KNOB ACRYLIC EDWARDIAN GREEN
22834;MINI HAND WARMER BABUSHKA DESIGN
22346;PARTY PIZZA DISH GREEN RETROSPOT
72803b;OCEAN SCENT CANDLE JEWELLED DRAWER
22202;MILK PAN PINK RETROSPOT
85049b;LUSH GREENS RIBBONS
84805A;CREAM CLIMBING HYDRANGA ART FLOWER
84664;CHERRY BLOSSOM BATHROOM CABINET
21241;GREEN POLKADOT CUP
16010;FOLDING CAMPING SCISSOR W/KNIF & S
22790;MIRROR, ARCHED GEORGIAN
90126A;PINK BERTIE MOBILE PHONE CHARM
22771;DRAWER KNOB ACRYLIC EDWARDIAN CLEAR
21160;KEEP OUT GIRLS DOOR HANGER 
23075;DOUBLE CERAMIC PARLOUR HOOK
23244;STORAGE TIN VINTAGE LEAF
22698;TEACUP AND SAUCER REGENCY PINK
22903;CALENDAR FAMILY FAVORITES
90025D;BAROQUE BUTTERFLY EARRINGS PINK
21691;SILVER VANILLA FLOWER CANDLE POT
72789;BASKET/8 SCENTED LOVE TOKEN CANDLES
84559d;3D SHEET OF SEA WORLD STICKERS
20718;RED SPOTTY SHOPPER BAG
79323LP;LIGHT PINK CHERRY LIGHTS
90066A;PINK VINTAGE VICTORIAN CHOKER
22356;CHARLOTTE BAG PINK WITH WHITE SPOTS
84796a;PINK HAWAIIAN PICNIC HAMPER FOR 2
23402;HOME SWEEET HOME 3 PEG HANGER 
DCGS0062;ROAD-RAGE CAR FRESHENER
90176C;DIAMANTE NECKLACE
21542;WOODLAND WATER TRANSFER TATTOOS 
23249;ENAMEL DINNER PLATE PANTRY
82545A;COGNAC AUX OEUFS METAL 1 HOOK
35962;12 ASS ZINC CHRISTMAS DECORATIONS
72781;BLACK SILOUETTE CANDLE PLATE 
22957;SET 3 PAPER VINTAGE CHICK PAPER EGG
85114a;BLACK ENCHANTED FOREST PLACEMAT
SP1002;KID'S CHALKBOARD/EASEL
84809A;WHITE CHRYSANTHEMUMS ART FLOWER
21444;BLUE CHALET BIRDFEEDER
85124A;PINK JUICY FRUIT PHOTO FRAME
47504E;ENGLISH ROSE SCISSORS
21087;SET/6 POSIES PAPER CUPS
82616A;BUBBLE GUM SCARF KNITTING KIT
35945;GOLD CHRISTMAS STOCKING DECORATION
85069;CREAM SWEETHEART DOUBLE SHELF
16012;FOOD/DRINK SPUNGE STICKERS
85128;PLANTPOT SINGLE HOOK PISTACHIO
17014E;ORIGAMI OPIUM INCENSE CONES
72812;LARGE ZINC/GLASS CANDLEHOLDER
21460;GREEN EASTER EGG HUNT START POST
21185;HOME SWEET HOME  BLACKBOARD
47552A;DOTS IRONING BOARD COVER
72801G;S/4 BURGUNDY WINE DINNER CANDLES
85185C;COW  SOCK PUPPET
72785B;S/4 CONTEMPORY RED ROSEBUD CANDLES
17108D;FLOWER FAIRY SUMMER BOUQUET SACHET
17013C;ORIGAMI LAVENDER INCENSE IN TUBE
90020;FILIGREE DIAMANTE CHAIN
48188;DOOR MAT WELCOME PUPPIES
84932A;SMALL GREEN PEONY FOLDING STOOL
84509c;DOTTY PLACEMATS 
48185;DOOR MAT FAIRY CAKE
84030B;KNITTED POM POM HOT WATER BOTTLE
20615;BLUE SPOTTY PASSPORT COVER
22353;LUNCHBOX WITH CUTLERY FAIRY CAKES 
22352;LUNCHBOX WITH CUTLERY RETROSPOT 
84472;PINK AND LILAC QUILTED THROW 
84705A;ENGLISH ROSE PHOTO FRAME 
85232B;SET/3 RUSSIAN DOLL STACKING TINS
22195;HEART MEASURING SPOONS LARGE
18010;ASSORTED FRAGRANCE BATH CONFETTI
22360;GLASS JAR, ENGLISH CONFECTIONERY
84767;ZINC POLICE BOX LANTERN
gift_0001_70;Dotcomgiftshop Gift Voucher £70.00
47587A;PINK FAIRY CAKE COASTER
72038P;PRICE'S CANDLE PEACH
84918;CREAM CUSHION COVER WITH FLOWERS
84807;RED POPPY ARTIFICIAL FLOWER
21489;BLUE WHITE SCARF HOT WATER BOTTLE
22612;TEA COSY VINTAGE UNION JACK
37409;ASSORTED DESIGN FLOWER MUGS
47592A;CAROUSEL DES CHILD'S OVERALL
20672;PINK TEATIME PRINT BOWL
35980B;RED TOP SCANDINAVIAN HEART 
85007;SET OF 3 VINTAGE TEA TIME BOXES
21500;PINK SPOTS  WRAP 
85167A;WHITE GRAND BAROQUE PHOTO FRAME
48175;DOOR MAT CAMOUFLAGE
46775E;CANDY POP CHUNKY KNITTED THROW 
44091A;BLUE CRUSOE CHECK LAMPSHADE
90092;BLUE CRYSTAL BOOT PHONE CHARM
84510C;SET OF 4 POLKADOTS COASTERS
85205A;IVORY FELT EASTER RABBIT GARLAND
10002R;ROBOT PENCIL SHARPNER
20905;VINTAGE KEEPSAKE BOX BEAUTY GIRL
16244B;MAXWELL 2 TONE BLUE 60 PAGE PHOTO A
35979;SIX STRING SCANDINAVIAN HEART DECS
21450;DISTRESSED CANDLE STICK WHITE
37482p;CUBIC MUG PINK POLKA DOT
84251F;GREETING CARD, RITA
20881;MODERN CHRISTMAS TREE CANDLE
72487;ROSES WHITE ROUND CANDLE
48116;DOOR MAT MULTICOLOUR STRIPE
20877;MODERN CHRISTMAS BAUBLE CANDLE 
84899E;YELLOW + BROWN BEAR FELT PURSE KIT
84985B;SET OF 72 BLACK PAPER DOILIES 
47503K;ASSORTED FLORAL SECATEURS
21438;TUB 24 HANGING EASTER EGGS SPOTTY
44091C;MULTICOLOUR CRUSOE CHECK LAMPSHADE
79328;BLUE FLOCK GLASS CANDLEHOLDER
84509a;ENGLISH ROSE PLACEMATS
20988;TRELLIS FLOWER CHOPSTICKS SET/5
72756; FAIRY CAKE CANDLES
79302m;ART LIGHTS,FUNK MONKEY
79072;TEATIME CAKE TIN WITH HANDLE
46775A;BUBBLE GUM CHUNKY KNITTED THROW 
17091B;JASMINE TEA INCENSE IN TIN
85230D;VANILLA SCENTED VOTIVE CANDLE
21039;RED SPOTTY SHOPPING BAG
22198;POPCORN HOLDER , LARGE
21732;RED HANGING METAL STAR TLIGHT HLDR
72785A;S/4 CONTEMPORY PINK ROSEBUD CANDLES
84427B;BLACK GLASS TV DOUBLE P/FRAME 15X10
90046;WHITE WITH METAL BAG CHARM
47503G;ASS FLORAL PRINT TAPE MEASURE
22537;MAGIC SLATE DINOSAUR
21540;DAIRY MAID BUTTER DISH
22349;DOG BOWL , CHASING BALL DESIGN
22071;SMALL RETRO SPOT MUG IN BOX  WHITE
21766;VINTAGE WOOD ORGANISER
47556b;TEA TIME TEA TOWELS 
22333;RETRO SPORT PARTY BAG + STICKER SET
21559;STRAWBERRY LUNCHBOX WITH CUTLERY
72801D;S/4 SKY BLUE DINNER CANDLES
21639;ASSORTED TUTTI FRUTTI KEYRING
46307;ROSES BLUE BASE CUSHION COVER 
84919;L BLUE C/COVER W PINK/YELLOW FLOWER
21869;POTTING SHED COFFEE MUG
22409;TIN CAN BISCUITS DESIGN
84814B;RHOMBUS CRYSTAL PERFUME BOTTLE
84968d;S/16 VINTAGE RED CUTLERY
85159b;WHITE TEA,COFFEE,SUGAR JARS
21527;RETRO SPOT TRADITIONAL TEAPOT 
90126C;AMBER BERTIE MOBILE PHONE CHARM
79303D;LILAC FLOWER BLOCK TABLE LAMP
84532B;FAIRY CAKES RECTANGLUAR BOXES
72529w;WHITE ADVENT CANDLE
47502;POLKADOT CUTLERY 24 PCS IN TRAY
72753D;S/3 FLWR FAIRY SUMMER CANDLES
21181;PLEASE ONE PERSON  METAL SIGN
DCGS0044;HANDZ-OFF CAR FRESHENER
79323S;SILVER CHERRY LIGHTS
22649;STRAWBERRY CAKE TEAPOT
35004S;SET OF 3 SILVER FLYING DUCKS
85060;WOOD FAN WITH FLOWER DESIGN
84869;CANDY BUTTON PHOTO ALBUM
90135A;ORANGE/FUSCHIA STONES NECKLACE
72801E;S/4 FESTIVE GREEN DINNER CANDLES
20688;BEAUTY SPEED EXPRESSO CUPS
84622;PINK GINGHAM ROSE CUSHION COVER
22045;SPACE BOY GIFT WRAP
21838;DADDY MOUSE RED GINGHAM BOW TIE
85151;WELCOME METAL SIGN
84029c;BROWN FURRY HOT WATER BOTTLE
20884;MODERN CHRISTMAS TREE CANDLE 
72799B;PURPLE PILLAR CANDLE BLACK FLOCK
84782B;BLACK 3 TIER GLASS PLATE STAND
20787;BLUE RETRO BAR STOOL
21699;SET 5 MINI CHOCOLATE FRIDGE MAGNETS
82587;TEXRIO TOMATOES CANDLE+CUP
22864;MUG AND COASTER SET RED CIRCLES
84679;CLASSICAL ROSE TABLE LAMP
84030c;KNITTED RAINBOW HOT WATER BOTTLE
84509B;FAIRY CAKE PLACEMATS
47562;ENGLISH ROSE IRONING BOARD COVER
84746;PINK EASTER HENS+FLOWER
72779;SET/6 BLACK ROSE T-LIGHT CANDLES
22449;SILK PURSE RUSSIAN DOLL PINK
21394;RED SPOTTY BEAKER 
79323S; SILVER CHERRY LIGHTS
22177;5 HOOK BLACKBOARD ORGANISER 
90048;GREEN WITH METAL BAG CHARM
84984C;ORIENTAL BLUE C/COVER 
16192;PINK BALLET OPENING CUBE BOX 
84648;NEW BAROQUE WALL MIRROR
85162C;WHITE RETRODISC LAMPSHADE
20683;RAIN GIRL CHILDS UMBRELLA
47591A;CAROUSEL DES CHILD'S APRON
17011E;ORIGAMI OPIUM SCENT INCENSE+FLOWER
35930;PINK HEART CHRISTMAS DECORATION
84745B;BLUE HANGING GINGHAM EASTER HEN
20895;VINTAGE NOTEBOOK FRENCH LETTER 
22072;TEA CUP AND SAUCER RETRO SPOT
84968D;S/16 VINTAGE RED CUTLERY
20660;VIP LUGGAGE TAG 
18096C;WHITE ROUND PORCELAIN TLIGHT HOLDER
62043B;BLUE CHECK BAG W HANDLE 34X20CM
21540;DAIRY MAID CERAMIC BUTTER DISH
35840;FLAT GLASS  BAUBLE WHITE FLOCK 
21440;12 MINI TOADSTOOL PEGS
84933B;LARGE PINK PEONY FOLDING STOOL
84279P; CHERRY BLOSSOM  DECORATIVE FLASK
20994;JAZZ HEARTS SPIRAL NOTEPAD
37494A;FAIRY CAKE CERAMIC BUTTER DISH
22536;MAGIC DRAWING SLATE FIDO
79030A;TUMBLER, ENGLISH ROSE
85218;S/5 MINI ICE CREAM FRIDGE MAGNETS
47591B;SCOTTIES DES CHILD'S APRON
72800A;S/4 BLACK DINNER CANDLE SILVER FLOC
17109C;FLOWER FAIRY INCENSE ROSE
20989;URBAN CHIC CHOPSTICKS SET/5
21936;RED/WHITE SPOT PICNIC BAG
84876C;SILVER HEART COMPACT MIRROR
22356;CHARLOTTE BAG , PINK/WHITE SPOTS
84948;SILVER HANGING T-LIGHT HOLDER DOME
85232A;SET/3 POLKA DOT STACKING TINS
72800B;S/4 PURPLE DINNER CANDLE BLK FLOCK
21300;ANTIQUE EDWARDIAN DRESSER
84989b;75 BLACK FAIRY CAKE CASES
35793;S/3 PUPPIES CHRISTMAS DECORATIONS
22492;MINI PAINT SET VINTAGE  BOY+ GIRL
21309;LOUVRE CHALKBOARD
84509C;SET OF 4 DOTTY PLACEMATS 
21759;METAL WALL SHELF UNIT WITH HOOKS
20753;RETRO PINK SPOT WASHING UP GLOVES
84447;6 RABBIT CHAIN EASTER
78026;SEAGRASS S/3 SQU LAUNDRY BOX
gift_0001_80;Dotcomgiftshop Gift Voucher £80.00
22322;BIRD DECORATION GREEN  SPOT
78027;SEAGRASS S/2 CORNER LAUNDRY 
17181;CIRCLE OF FRIENDS CANDLE HOLDER
21443;OLIVE CHALET BIRDFEEDER
84797b;BLUE SAVANNAH PICNIC HAMPER FOR 4
22168;ORGANISER WOOD, ANTIQUE WHITE 
22645;CERAMIC HEART CAKE MONEY BANK
90040D;MURANO STYLE GLASS BRACELET PINK
48194;DOOR MAT HEARTS
22346;PARTY PIZZA DISH GREEN+WHITE SPOT 
21665;TRIANGULAR RIDGED GLASS POSY HOLDER
84572;6 HOOK JEWEL STAND LILAC DRESS
35963;FOLKART ZINC CLIP ON ANGEL WINGS
84367;LA STREGA CANVAS PICTURE 
21750; LARGE SKULL WINDMILL
21893;POTTING SHED SEED TIN
84951B;S/4 BLACK LOVEBIRD COASTERS
79315W;FLYING SAUCER TABLE LIGHT IN WHITE
37471;MULTICOLOUR DOTS PLATE
21323;HANGING MEDINA LANTERN LARGE
90121B;VINTAGE ROSE BEAD BRACELET BLUE
84564;6 SEGMENT COLOURED SNACK BOWL 
84626;CANDY STRIPE ROSE QUILT
84993b;75 BLACK PETIT FOUR CASES
75149N;STRING CRYSTALS NATURAL
84455;SET OF 3 RABBIT CARROTS EASTER
84508A;CAMOFLAGE DESIGN TEDDY
37422;WHITE WITH BLACK CATS BOWL
48138;DOOR MAT UNION FLAG
72771C;BLACK FLOCK GOLD CANDLE
90111;BLUE HIBISCUS  HAIR CLIP
21156;RED SPOTTY CHILDS APRON
85142;JARDIN ETCHED GLASS GINGER JAR
85147;JARDIN ETCHED GLASS CANDLEHLDR LONG
47505;MINATURE COLOURED GARDENING SET
84797a;PINK HAWAIIAN PICNIC HAMPER FOR 4
84462;3 PINK HEN+CHICKS IN BASKET
84997b;RED 3 PIECE MINI DOTS CUTLERY SET
84972L;GIANT PINK HEART MEMO HOLDER
85014C;BLUE/BROWN DOTS RUFFLED UMBRELLA
48187;DOOR MAT NEW ENGLAND
79323GR;GREEN CHERRY LIGHTS
79320; FLAMINGO LIGHTS
37483;ENGLISH ROSE MUG IN GIFT BOX
84997a;GREEN 3 PIECE MINI DOTS CUTLERY SET
21531;RETRO SPOT SUGAR JAM BOWL
40018E;TEA TIME PAPER LANTERNS
90002C;FLOWER BURST SILVER RING MIDN'T BLU
21118;SHOPPING BAG DOORSTOP
47504G;ENGLISH ROSE TAPE MEASURE
22425;ENAMEL COLLANDER CREAM
90002E;FLOWER BURST SILVER RING GREEN
35603B;S/16 BLACK SHINY/MAT BAUBLES
35001C;HAND OPEN SHAPE CHROME
18098A;PINK PORCELAIN B'FLY OIL BURNER
17129D;CLEAR COLOUR GLASS GEMS IN BAG
72267;PREMIUM CHURCH CANDLE
84762B;PINK PICNIC BARBECUE BUCKET
84873a;FUNKY FLOWER PICNIC BAG FOR 4
35824C;HANGING FLOWERS+MIRROR,CLEAR
85018A;S/6 PAPER BOXES ROMANTIC IMAGES
84762A;WHITE PICNIC BARBECUE BUCKET
DCGS0037;KEY-RING CORKSCREW
21092;SET/6 STRAWBERRY PAPER PLATES
48189;DOOR MAT FRIENDSHIP 
85200;BUNNY EGG BOX
84599;CANDY STRIPE ROSE FLOOR CUSHION
72755C;FLOWER FAIRY OIL BURNER SET ROSE
85099B;JUMBO BAG RED WHITE SPOTTY 
35071;ASSORTED SANTA CHRISTMAS DECORATION
22150; 3 STRIPEY MICE FELTCRAFT
20940;SET/6 GARDEN GNOME T-LIGHT CANDLES
47581B;FAIRY CAKE WICKER PICNIC BASKET 
47591b;SCOTTIES CHILDRENS APRON
72715;SPHERICAL IVORY CANDLE 
37492D;PURPLE GREEN FLOWER PIGGY BANK
20721;OWLS CHARLOTTE BAG
35652;VINTAGE BEAD CHAISE LONG JEWEL BOX
21955;  DOORMAT UNION JACK GUNS AND ROSES
79338;DARK PINK FLOCK GLASS CANDLEHOLDER
47583B;SET OF 3 WICKER BASKET TEA AND CAKE
21315;LARGE GLASS HEART TRINKET POT
21343;GOLD JEWELERY BOX
84415A;PINK FLOCK SUEDE CUSHION COVER 
84706C;PINK FLOCK TABLE CLOCK 
35838A;S/6 MULTICOLOUR ORNAMENETAL CANDLE
35654;VINTAGE BEAD FILLED PINK CUSHION
22493; PAINT YOUR OWN CANVAS SET
35837;SET OF SIX SILVER+RED FLOCK BAUBLES
21674;RIDGED GLASS PENDANT LAMPSHADE
40018F;CHERRY DESIGN PAPERLANTERNS
84249D;FAIRY CAKE GREETINGS CARD
84617; NEW BAROQUE BLACK BOXES
20685;RED SPOTTY COIR DOORMAT
37343;SPOTS DESIGN MUG W PINK INSIDE
21854;EURO FOOTBALL STARS TOP TRUMPS GAME
37441;ASSORTED WHITE EMBOSSED CHINA MUGS
35818C;ACRYLIC JEWEL ICICLE, CLEAR 
84402D;PINK DRESS JEWELLERY STAND 
21353;SILVER SLEIGHBELL  WREATH
21303;FILIGREE WALL MIRROR  ANTIQUE WHITE
22355;CHARLOTTE BAG , SUKI DESIGN
84924F;PSYCHEDELIC METAL SIGN CALENDAR
37502;TEA TIME MUG IN GIFT BOX
72771B;BURG FLOCK GOLD CUP/CANDLE 
84570B;WHITE SATIN DRESS JEWEL STAND
84726;LILLIES CANVAS PICTURE
72750A;FLOWER FAIRY SET OF 3 LILY CANDLES
90171;DAISY RING
21697;SET 5 MINI DOUGHNUT FRIDGE MAGNET 
85186B;BUNNY BUNCH OF FLOWERS
22510;DOORSTOP RUSSIAN DOLL GINGHAM
84932D;SMALL ORIENTAL RED FOLDING STOOL
20879;TREE OF NOAH FESTIVE SCENTED CANDLE
72753B;S/3 FLWR FAIRY LAVENDER CANDLES
ADJUST2;Adjustment by Peter on Jun 25 2010 
84510B;SET OF 4 FAIRY CAKES COASTERS 
84815;SET OF 3 DANISH ROSE PLANTERS
21338;MARAKESH LANTERN SMALL 
22416;36 DOILIES SPACEBOY DESIGN 
16258B;DAISY ERASERS IN BAG
84292;ROSE PINK METAL FOLDING CHAIR
84761;IVORY HANGING BIRD PLANTER 
21308;LOUVRE VANITY MIRROR
51012C;FEATHER DUSTER, COAL BLACK
21552;CERAMIC BIRDHOUSE BLACK ROSE  LARGE
84893;ANT WHITE IRON BASKET
22252;BIRDCAGE DECORATION MAGIC GARDEN
79340P;PURPLE ORCHID FLOWER LIGHTS
85112;S/3 TEAR DROP CUT GLASS DECORATION
47597;NEW ENGLAND TEATOWELS
84396;6 HOOK JEWELLERY STAND BLACK DRESS
21780;MA CAMPAGNE 4 DRAWER WALL SHELF
20896;VINTAGE NOTEBOOK PINK FLOWER
21203;BUTTERFLIES  HONEYCOMB GARLAND
85070;ANT WHITE SWEETHEART TABLE W 3 DRAW
20942;SET/6 GINGERBREAD TREE T-LIGHTS
21312;LARGE CHUNKY GLASS ROMAN BOWL
21852;EMPIRE TEDDY
20673;STRAWBERRIES PRINT BOWL
85162B;BLACK RETRODISC LAMPSHADE
37485;ENGLISH ROSE TEA SET IN GIFT BOX
20862;PINK PATCH PENCIL CASE BLUE HEART
17014C;ORIGAMI LAVENDER INCENSE CONES
85113;POLKA DOT PISTACHIO PAIL
85077;KISSING REINDEER TABLE RUNNER
84509A;ENGLISH ROSE PLACEMATS
21860;DR WHO TOP TRUMPS GAME
85091;CANDY SPOT BREAD BASKETS
22354;RETRO SPOT PADDED SEAT CUSHION
21729;SMALL MARAKESH METAL  LANTERN 
47593B;SCOTTIES DESIGN BABY BIB
84546;CROCHET POODLE KEYRING
22432;WATERING CAN GREEN DINOSAUR
22619; SET Of 6 SOLDIER SKITTLES
84292B;BLUE COL METAL FOLDING CHAIR
35920;FOUR RABBIT EASTER DECORATIONS
16169D;WRAP WINTER FOREST
85232d;SET/3 DECOUPAGE STACKING TINS
21558;SKULL LUNCHBOX WITH CUTLERY 
48173c;DOOR MAT BLACK FLOCK 
84450B;PINK/YELLOW RABBIT SAT EASTER
72756;FAIRY CAKE CANDLES
84437A;S/6 PINK EASTER DECS IN BOX
85072;OCCASIONS GIFT CARD ASSORTMENT
21299;EDWARDIAN TOILET ROLL UNIT 
47592B;SCOTTIES DESIGN CHILD'S OVERALL
21133;PAINTED BIRD ASSORTED CHRISTMAS
21419;CONCH SHELL
22201;FRYING PAN BLUE RETROSPOT
84968B;S/16 VINTAGE IVORY CUTLERY
20913;SET/5 BLUE SPOTTY LID GLASS BOWLS
20858;SILVER PURSE GOLD PINK BUTTERFLY
84250M;GREETING CARD, BLACKPOOL ROCK
85014b;RED/WHITE DOTS RUFFLED UMBRELLA
85222;ASSORTED COLOUR SILK COSMETIC PURSE
90035C;"PEARL & SHELL 42""NECKL. IVORY"
21523;FANCY FONT HOME SWEET HOME DOORMAT
79301;FEATHER HEART LIGHTS
84986b;SET OF 36 SILVER PAPER DOILIES
85028L;FRENCH CHATEAU LARGE FRUIT BOWL 
47598;NEW ENGLAND EGG WARMER
22367;CHILDS APRON SPACEBOY DESIGN
21437;24 HANGING EASTER EGGS FLORAL TUB
35816B;ACRYLIC JEWEL ANGEL,BLUE
22657;HEN & 2 CHICKS IN BASKET
47554;S/3 COLOURS FLOCK TEA TOWELS
16011; ANIMAL STICKERS
20729;RED SPOTTY CANDY BAG
35001B;HAND OPEN SHAPE BLACK
72739C;DARK CHOCOLATE SCENTCANDLE
84706B;FAIRY CAKES TABLE CLOCK
85080;PADDED RED HEART DECORATION
84907;PINK/YELLOW PATCH CUSHION COVER
85097B;BLUE ROCKING SINGING CANARY
22345;PARTY PIZZA DISH BLUE+WHITE SPOT 
20889;JARDIN DE FEMME SCENTED CANDLE
84520D;PACK OF 20 FAIRY CAKE PAPER NAPKINS
16050;TEATIME PENCIL WITH RUBBER
35955;SMALL FOLKART CHRISTMAS TREE DEC
84493;BLUE/PINK NEST STRIPE BOX
22172;METAL SHELF WITH RAIL 
20987;GEISHA GIRL CHOPSTICKS SET/5
82093;HEART SHAPE BUTTON FRAME 
48103;DOOR MAT KISS MY.......
21379; CAMPHOR WOOD PORTOBELLO MUSHROOM
21085;SET/6 WOODLAND PAPER CUPS
90013E;AMBER VINTAGE EARRINGS 
22566;FELTCRAFT HAIRBAND S/2, PINK/PURPLE
35974;S/6 CHRISTMAS TREE PLACE SETTING
20620;RED SPOTTY PASSPORT COVER
21701;SET 6 MINI SUSHI SET FRIDGE MAGNETS
21053;ZINC HEART HANGER WITH HOOKS
84414B;FUSCHIA/GREEN STRIPE WOOLLY BLANKET
51012L;FEATHER DUSTER, LIGHT PINK
35995;SET/6 BLACK GLITTER REINDEER CANDLE
84932B;SMALL PINK PEONY FOLDING STOOL
85188A;GREEN METAL SWINGING BUNNY
84942;KASHMIR FOLKART HEART DISHES
47503F;ASS FLORAL PRINT TORCH
85033G;SET/6 GOLD REINDEER T-LIGHT CANDLES
22344;PARTY PIZZA DISH PINK+WHITE SPOT 
17109A;FLOWER FAIRY INCENSE LILY
85185E;DUCK SOCK PUPPET
17039;INLAID WOOD INCENSE HOLDER
22530;MAGIC SLATE DOLLY GIRL 
20747;PICCADILLY TEA SET
72805;VANILLA CANDLE IN EMBOSSED ZINC POT
72750B;F.FAIRY S/3 CANDLE/GLASS,LAVENDER
84529C;YELLOW KNITTED KIDS RUCKSACK
84578;ELEPHANT TOY WITH BLUE T-SHIRT
79070b;ENGLISH ROSE SQUARE CAKE TINS
44242A;LILAC FEATHERS CURTAIN
20993;JAZZ HEARTS MEMO PAD
84743C;ORANGE FELT VASE + FLOWERS
44236;PINK/PURPLE CIRCLE CURTAIN
84595B;LARGE TRIFLE DESIGN L BLUE BOWL
22119; PEACE WOODEN BLOCK LETTERS
21076;SET/20 COLLAGE PAPER NAPKIN 
84951b;S/4 BLACK LOVEBIRD COASTERS
47570;ENGLISH ROSE TABLE CLOTH
85121B;RETRO LAUNDRY TUB PINK
37432;MUG PINK AND PURPLE ARABIC DESIGN
81985A;ICON ALARM CLOCK,FUSCHIA  PIN UP
17013B;ORIGAMI JASMINE INCENSE IN TUBE
22383;LUNCHBAG SUKI  DESIGN 
79323W; WHITE CHERRY LIGHTS
20863;BLUE PATCH PENCIL CASE PINK HEART
84968C;S/16 VINTAGE PISTACHIO CUTLERY
21255;FRENCH BOTTLE , LAVENDER
84798B;PURPLE FOXGLOVE ARTIIFCIAL FLOWER
90123B;TURQUOISE HEART OF GLASS BRACELET
84251J;GREETING CARD, THE BLACK CAT
84327A;PINK JUMPER LARRY THE LAMB
21254;SET OF KITCHEN WALL  STICKERS
90000C;OPAL WHITE/SILVER FLOWER NECKLACE
84971L;LARGE HEART FLOWERS HOOK   
21709;FOLDING UMBRELLA  CHOC/WHITE  SPOT
84029C;BROWN FURRY HOT WATER BOTTLE
85220;SMALL FAIRY CAKE FRIDGE MAGNETS
84745A;PINK HANGING GINGHAM EASTER HEN
40002;WHITE BAMBOO RIBS LAMPSHADE
84914A;PINK ROSE PICNIC RUG
22546;MINI JIGSAW FIDO
84684;BEACH HUT PHOTO FRAME
84425A;WHITE GLASS TV TRIPLE FRAME
84803B;WHITE ALLIUM  ARTIFICIAL FLOWER
84218;BOX/12 CHICK & EGG IN BASKET
90131;PINK/AMETHYST/GOLD NECKLACE
21173;LOO ROLL  METAL SIGN 
84608;ORNATE EDWARDIAN CANDLE HOLDER
22029;SPACE BOY BIRTHDAY CARD
22382;LUNCHBAG SPACEBOY DESIGN 
15058B;PINK WHITE SPOTS GARDEN PARASOL
21387;IVORY HANGING DECORATION  RABBIT
21396;RED SPOTTY EGG CUP 
37379B;BLUE CHERRY BLOSSOM CUP & SAUCER
84509F;NEW ENGLAND PLACEMATS
21652;GLASS ETCHED T-LIGHT HOLDER MEDIUM
85206B;PINK FELT EASTER EGG BASKET
84905;PINK BUTTERFLY C/COVER 
20800;LARGE GLASS SUNDAE DISH CLEAR
35824B;HANGING FLOWERS+MIRROR,BLUE
22347;PIZZA SLICE DISH
22445;PENCIL CASE GINGHAM FOREST
16161C;WRAP SPEED DEMONS 
21321;GLASS CHALICE BLUE  LARGE 
84925E;FLOWERS WALL THERMOMETER
16169G;WRAP ROMANTIC DECOUPAGE
21545;CERAMIC BIRDHOUSE BUTTERFLY SMALL
72750C;F.FAIRY S/3 CANDLE/GLASS, ROSE
84795E;RIO PINK STRIPE HAMMOCK
21582;KINGS CHOICE SMALL TUBE MATCHES
21347;GOTHIC CARRIAGE LANTERN
21842;PINK HEART CANDY BUTTON CALCULATOR
16156N;WRAP, FRIENDSHIP ON GREEN
84765;SILVER ROCOCO CANDELABRA
72753C;S/3 FLWR FAIRY ROSE CANDLES
84456;SET OF 3 RABBIT EGG EASTER
35751C;PURPLE CURRENT CANDLE RING
22330;72 ROUND PINK DOILIES
47556;SET/2 SPOTTY + ROSE TEA TOWELS 
35910A;MULTICOLOUR EASTER RABBIT 
84757;ENCHANTED GARDEN WROUGHT IRON TABLE
72799A;BLACK PILLAR CANDLE SILVER FLOCK
21537;RETRO SPOTS PUDDING BOWL
21339;MARAKESH LANTERN LARGE
20939;ORANGE CANDLE
84797B;BLUE SAVANNAH PICNIC HAMPER FOR 4
21707;FOLDING UMBRELLA , BLACK/BLUE  SPOT
85099B;RED RETROSPOT JUMBO BAG 
84582;PINK CROCHET CAT WITH SCARF
84509G;FAIRY CAKE PLACEMATS 
72752B;F.FAIRY,CANDLE IN GLASS,LAVENDER
20714;POSY SHOPPER BAG
72728;ROSE SCENT CANDLES IN GLASS
21529;RED RETROSPOT TOASTRACK
21130;COLOURFUL STANDING GNOME
72752A;F.FAIRY,CANDLE IN GLASS,LILY/VALLEY
84867A;PINK BABY GIRLS PHOTO ALBUM
21524;SPOTTY  HOME SWEET HOME DOORMAT
17061;ASSORTED SHAPED STENCIL FOR HENNA
22659;LUNCHBOX I LOVE LONDON
84656;WHITE ROSE C/COVER
37492A;YELLOW RED FLOWER PIGGY BANK
85041;SET/4 PINK ORCHID CANDLES IN BOWL
22555;PLASTERS IN TIN MR STRONG 
16239;BALLERINA HEART DECORATION.
85185F;LION SOCK PUPPET
77079;DOLPHIN WINDMILL
84868B;BLUE BABY BOY'S MEMORY BOX
84721;MANHATTAN CANVAS ART PICTURE
81953B;ROUND ARTICULATED BLUE CLOCK W/SUCK
82605;OLD DOC.RUSSEL METAL SIGN
17129C;SKY BLUE COLOUR GLASS GEMS IN BAG
72801c;S/4 ROSE PINK DINNER CANDLES
21710;FOLDING UMBRELLA  PINK/WHITE  SPOT
84247H;PACK/12 DECOUPAGE CARD
21529;RETRO SPOT CERAMIC TOASTRACK
22433;WATERING CAN PINK BUNNY
82585;SWEET VALENCIA CANDLE+CUP
22343;PARTY PIZZA DISH RED WHITE SPOT 
85165;CANDY PINK FRENCH BOUDOIR CLOCK
37482B;CUBIC MUG BLUE POLKA DOT
84951b;SET OF 4 BLACK LOVEBIRD COASTERS
85014a;BLACK/BLUE DOTS RUFFLED UMBRELLA
84629;WHITE 3 FRAME BIRDS AND TREE 
84782C;GREEN 3 TIER GLASS PLATE STAND
21286;RETRO SPOT CANDLE  LARGE
71101A;ANGEL ON KNEES METAL POLE 100CM H
37410;BLACK AND WHITE PAISLEY FLOWER MUG
37482b;CUBIC MUG BLUE POLKA DOT
22414;DOOR MAT NEIGHBOURHOOD WITCH 
35051B;PINK BEADED CONE CHRISTMAS
21752;GLASS CAKE STAND MIRRORED BASE
21746;SMALL RED SPOT  WINDMILL
84030C;KNITTED RAINBOW HOT WATER BOTTLE
84621;BLUE GINGHAM ROSE FLOOR CUSHION 
84968F;S/16 VINTAGE SKY BLUE CUTLERY
81953P;ROUND ARTICULATED PINK CLOCK W/SUCK
35922;EASTER BUNNY WREATH
84279B;CHERRY BLOSSOM DECORATIVE FLASK
21007;ETCHED GLASS DROPLET DECORATION
84509C;DOTTY PLACEMATS 
84623;PINK GINGHAM ROSE FLOOR CUSHION
21858;HIGH SCHOOL MUSICAL 3 TOP TRUMPS 
20783;HEART EAR MUFF HEADPHONES
85184B;SET 4 EASTER DECOUPAGE OVAL BOXES
22073;RETRO SPOT STORAGE JAR
72796A;S/3 ENGLISH LAVENDER SQU CANDLE
22405;TIN CAN POCKET MONEY DESIGN
84533B;FAIRY CAKES ROUND NESTING BOXES
84461;12 PINK HEN+CHICKS IN BASKET
90060C;FIRE POLISHED GLASS NECKL SILVER
21955;DOOR MAT UNION JACK GUNS AND ROSES
84340;LARGE FIBRE OPTIC CHRISTMAS TREE
35838B;S/6 SILVER ORNAMENETAL CANDLE
84529B;BLUE KNITTED KID'S RUCKSACK
22959;WRAPPING PAPER, XMAS VILLAGE
21256;FRENCH BOTTLE, BRASSERIE DES ARTIST
21225;POCKET MIRROR BUTTERFLY 
20882;MODERN CHRISTMAS TREE CANDLE
22345;PARTY PIZZA DISH BLUE WHITE SPOT 
85079;EMBROIDERED REINDEER DECORATION
84997c;BLUE 3 PIECE MINI DOTS CUTLERY SET
21666; RIDGED GLASS T-LIGHT HOLDER
17091F;SANDALWOOD INCENSE IN TIN
85129A;WHITE PEARL BEADED HEART, SMALL
85171;S/2 HYACINTH BULB CANDLES
21475;SWEETHEART CREAM STEEL FOLDIN CHAIR
22070;SMALL RETRO SPOT MUG IN BOX  RED
21711;FOLDING UMBRELLA  WHITE/RED  SPOT
72814;SET/3 CHRISTMAS BRIAR CANDLES
21955;UNION JACK GUNS & ROSES  DOORMAT
72801E;4 FESTIVE GREEN DINNER CANDLES
37408;ASSORTED DESIGN GEISHA GIRL MUGS
22565;FELTCRAFT HAIRBANDS PINK + WHITE 
22446;PIN CUSHION RUSSIAN DOLL PINK
82607C;GLASS BONBON JAR. SUPERFINES
84615;PINK ROUND BUTTERFLY MIRROR 
72753A;S/3 FLWR FAIRY LILLY CANDLES
20680;PINK FLOWERS CHILDS UMBRELLA
37342;SPOTTY COFFEE CUP & SAUCER
20737;RED MINI TAPE MEASURE 
22545;MINI JIGSAW BUNNIES AT HOME
84989B;75 BLACK FAIRY CAKE CASES
18098B;BLUE PORCELAIN B'FLY OIL BURNER
84837;WHITE SWEETHEARTS CABINET 4 DRAWERS
22346;PARTY PIZZA DISH GREEN WHITE SPOT 
21530;DAIRY MAID CERAMIC TOASTRACK
85231L;LAVENDER SCENTED SET/9 T-LIGHTS
72817;SET/2 CHRISTMAS DECOUPAGE CANDLES
21536;DAIRY MAID  SMALL  MILK JUG
17014F;ORIGAMI SANDLEWOOD INCENSE CONES
35004s;SET OF 3 SILVER FLYING DUCKS
45008C;DECORATIVE NET CANOPY CREAM
22344;PARTY PIZZA DISH PINK WHITE SPOT 
85123b;ZINC HANGING HEART T-LITE HLDR
37492C;GREEN BLUE FLOWER PIGGY BANK
90126B;BLUE BERTIE MOBILE PHONE CHARM
84926B;SCOTTS ROSES TILE COASTER
72801F;S/4 FESTIVE RED DINNER CANDLES
20658;RED SPOTTY LUGGAGE TAG
72801d;S/4 SKY BLUE DINNER CANDLES
17011A;ORIGAMI VANILLA INCENSE+FLOWER 
72801g;S/4 BURGUNDY WINE DINNER CANDLES
84795A;PASTEL STRIPE HAMMOCK 
20885;BOX OF 3 PEBBLE CANDLES
22139;11 PC CERAMIC TEA SET POLKADOT
62097B;BLUE STRIPES SHOULDER BAG
21685;MEDINA STAMPED METAL TRAY 
84830;LARGE ENGLISH ARBORETUM
30086C;ASSORTED FRUIT STRAWS
90004A;JADE GREEN PAIR ENAMEL HAIR SLIDES
22579;WOODEN TREE CHRISTMAS SCANDISPOT
21539;RETRO SPOTS BUTTER DISH
47347B;BLUE FLOWER T-LIGHT HOLDER
72750D;F.FAIRY S/3 CANDLE/GLASS
21553;CERAMIC BIRDHOUSE FINCH BLUE  LARGE
84555A;YELLOW VW BEETLE CERAMIC MONEY BOX
22452;MEASURING TAPE RUSSIAN DOLL PINK
85117;NIGHTINGALE COATHOOK WHITE
77081;FLOWER WINDMILL
20730;STRAWBERRY CANDY BAG
21620;S/4 ROSE    BOTANICAL  CANDLE
47593A;CAROUSEL DESIGN BABY BIB
22384;LUNCH BAG PINK POLKADOTS
72084B;CHOCOLATE ICE CREAM CANDLE
84791;GINGHAM HEART DECORATION
22069; BROWN  PIRATE TREASURE CHEST 
35817B;ACRYLIC JEWEL SNOWFLAKE,BLUE
37484;ENGLISH ROSE TEA FOR ONE GIFT BOX
22604;SET OF 4 NAPKIN CHARM CUTLERY
85023C;PINK LARGE JEWELED PHOTOFRAME
84510c;SET OF 4 POLKADOTS COASTERS
21223;SET/4 BADGES WOODLAND ANIMAL
20833;SHAKER THROW  QUILTED
37506;NEW ENGLAND MILK JUG W GIFT BOX
21950;SET OF 6 DOTS CHOPSTICKS
90067B;BROWN VINTAGE VICTORIAN EARRINGS
48184;DOOR MAT ENGLISH ROSE 
79323G;GOLD  CHERRY LIGHTS
85024A;CRYSTAL SMALL JEWELLED PHOTOFRAME
16201B;PASTEL BLUE PHOTO ALBUM
22447;PIN CUSHION RUSSIAN DOLL BLUE
21477;STRING OF 20 ROSE LIGHTS
35096B;RED VICTORIAN FABRIC HEART BOX
DCGS0072;CAT CAMOUFLAGUE COLLAR
84705B;FAIRY CAKES PHOTO FRAME
22534;MAGIC SLATE SPACEBOY 
21525;BEWARE OF THE CAT DOORMAT
79308B;MOSAIC CANDLE DISH BLUE PURPLE
21523;DOOR MAT FANCY FONT HOME SWEET HOME
21456;2 PICTURE BOOK EGGS EASTER CHICKS
90150;BLUE SHELL+SILVER NECKLACE
16215;FUNKY GIRLZ MAGNETIC TO DO LIST 
35537;CANDLE RING W/CLEAR BEADS
17014D;ORIGAMI ROSE INCENSE CONES
84925A;WAKE UP COCKEREL WALL THERMOMETER
84933A;LARGE GREEN PEONY FOLDING STOOL
16161E;WRAP BOUDOIR 
85124a;PINK JUICY FRUIT PHOTO FRAME
18094C;WHITE/BLUE RECT CERAMIC OIL BURNER
90035B;"PEARL & SHELL 42""NECKL. PINK"
84782A;PINK 3 TIER GLASS PLATE STAND
84969;ASSORTED COLOUR SET 6 TEASPOONS
84509c;SET OF 4 DOTTY PLACEMATS 
21551;CERAMIC BIRDHOUSE BUTTERFLY LARGE
84795D;SEASIDE STRIPE HAMMOCK
22241;"GARLAND , WOODEN  "" HAPPY EASTER"""
90037B;TINY CRYSTAL BRACELET GREEN
21406;SPOTTY CAT DOORSTOP 
85164b;BLACK BAROQUE CUCKOO CLOCK
90127B;BLUE BEADS+HAND PHONE CHARM
35973;GERANIUM FOLKART HEART DECORATION
22068; BLACK PIRATE TREASURE CHEST
84529A;PINK KNITTED KIDS RUCKSACK
72754A;FLOWER FAIRY POTPOURRI CUSHION LILY
20750; RED/WHITE DOT MINI CASES
79342B;BROWN FLOWER LIGHTS
35233;PASTA ENAMEL/BRASS CONTAINER
46775B;BERRIES CHUNKY KNITTED THROW 
35976B;WHITE SCANDINAVIAN HEART CHRISTMAS
84586L;"PINK ROSES/GINGHAM PATCH RABBIT 8"""
21763;VINTAGE WOODEN BAR STOOL
21249;WOOD ANIMALS HEIGHT CHART STICKERS 
21764;VINTAGE WOODEN PLATE RACK
72751B;F.FAIRY S/3 SML CANDLE, LAVENDER
22536;MAGIC SLATE FIDO
21702;SET 5 MINI GATEAUX  FRIDGE MAGNETS
21099;SET/6 STRAWBERRY PAPER CUPS
35821B;JEWELLED DECORATION,BLUE
35909A;RABBIT EASTER DECORATION
21215; IVORY PAPER CUP CAKE CASES 
90197D;AMBER GLASS BRACELET HEART CHARMS
71028B;SILVER BLUE EGG T-LIGHT HOLDER
17011C;ORIGAMI LAVENDER INCENSE+FLOWER
22232;3 PIECE JIGSAW TOADSTOOLS
21285;RETRO SPOT CANDLE  MEDIUM
84899E;YELLOW BROWN BEAR FELT PURSE KIT
21298;EDWARDIAN 2 DRAWER WALL CABINET 
84226;HEN HOUSE W FAMILY IN BARN & NEST
20968;GREEN FLORAL FELTCRAFT SHOULDER BAG
48197;DOOR MAT BIRD ON THE WIRE
21543;BUTTERFLY WATER TRANSFER TATTOOS 
37348;SET OF 4 PASTEL STACKING MUGS
72045D;ROSES ON BLUE TEACUP CANDLE 
16168S;FUNKY MONKEY GIFT BAG SMALL
21474;SWEETHEART CREAM STEEL FOLDIN BENCH
85227;SET/6 3D KIT CARDS FOR KIDS
84705C;PINK FLOCK PHOTO FRAME 
35751D;PINK CURRENT CANDLE RING
37399;ASS RETROSPOOF MUGS,SPORTS
90084;PINK CRYSTAL GUITAR PHONE CHARM
21127;COLOURFUL FISHING GNOME
84454;WOBBLING METAL CHICKEN EASTER
16119;FUNKY GIRL ADDRESS BOOK
22454;MEASURING TAPE RUSSIAN DOLL RED
72750A;F.FAIRY S/3 CANDLE/GLASS,LILY/VALLY
72751A;F.FAIRY S/3 SML CANDLE,LILY/VALLEY
72754B;F FAIRY POTPOURRI CUSHIONS LAVENDER
90123C;GREEN HEART OF GLASS BRACELET
20990;SPRING FLOWER CHOPSTICKS SET/5
21663;VINTAGE GLASS SUGAR CADDY
21267;VINTAGE PINK TINSEL REEL 
21550;CERAMIC BIRDHOUSE CRESTED TIT LARGE
85043;RED HEART CANDY POP LIGHTS
85196;EASTER BUNNIES ON A STICK
47592A;CAROUSEL CHILDRENS OVERALL
71434B;"BLACK RND BULLET""KEEP CLEAN"" BIN"
22641;SET OF 4 NAPKIN CHARMS INSTUMENT   
85231e;STRAWBERRY SCENTED SET/9 T-LIGHTS
72225D;VANILLA SCENT CAKE CANDLE 
21629;SQUARE FLOOR CUSHION VINTAGE PINK 
20692;FLORAL ELEPHANT SOFT TOY
22003;VINTAGE BLUE VACUUM FLASK 0.5L 
84723;CHERRY BLOSSOM CANVAS ART PICTURE
16051;TEATIME PENCIL W STAMP ASST
47591c;BLUE FAIRY CAKE CHILD'S APRON
90095;NECKLACE+BRACELET SET PINK BLOSSOM
35824P;HANGING FLOWERS+MIRROR,PINK
79341;WILLOW BRANCH LIGHTS.
22359;GLASS JAR, KINGS CHOICE SOAP
22450;SILK PURSE RUSSIAN DOLL BLUE
20621;ECONOMY PASSPORT COVER 
35600D;PINK AND WHITE CHRISTMAS TREE 180CM
84596I;WRAP SWEETS LIGHT PINK SMALL BOWL
72083A;STRAWBERY SWIRL FLARE CANDLE
22054;MINI CAKE STAND HANGING HEARTS
72796B;S/3 FRENCH VANILLA SQU CANDLE
85083;KISS REINDEER SCANDINAVIAN STOCKING
84934;ASSTD DESIGN POP ART SLIM PEN
21102;CANDLE IN JAR COLLAGE , VANILLA
21524;DOOR MAT SPOTTY HOME SWEET HOME
21495;SKULLS WRAP
21589;SWALLOW GIANT TUBE MATCHES
84466;TOP SECRET PEN SET
84858A;NATURAL RIVIERA HANDBAG
45016;DECORATIVE NET CANOPY LEOPARD
22350;CAT BOWL 
20855;PINK PATCH PURSE BLUE HEART
72586;S/6 HALLOWEEN GHOST T LIGHTS, 5CM H
40046C;PINK BUTTERFLY PAPER LAMPSHADE
85132b;CHARLIE AND LOLA TABLE TINS
37112;YELLOW BIRDS FELT DES FOODCOVER
84682;CLASSICAL ROSE DISH
79140;ASS WINDPROOF MARIJUANA LIGHTERS
37326;FAIRY DESIGN MUGS
85164B;BLACK BAROQUE CUCKOO CLOCK
20865;PATCHWORK PENCIL CASE BUTTERFLY 
79340W;WHITE ORCHID FLOWER LIGHTS
84406b;CREAM CUPID HEARTS COAT HANGER
22559;SEASIDE FRISBEE 
35085E;IVORY ROSE LAMPSHADE 
84081;WHITE CERAMIC PARTY SET (5PCS)
85023A;CRYSTAL LARGE JEWELLED PHOTO FRAME
46137D;GREEN CHENILLE SHAGGY RUG
72739B;WHITE CHOCOLATE SCENT CANDLE
72129;COLUMBIAN CANDLE ROUND 
21612;SET 12 WILDFLOWER BOTANICAL T-LIGHT
21649;ASSORTED TUTTI FRUTTI PHOTO FRAME
DCGS0066N;NAVY CUDDLES DOG HOODIE
82081;PINK HEARTS PHOTO ALBUM
84968A;S/16 VINTAGE ROSE CUTLERY
84845C;CARNATION SQUARE HANDY TIN
20736;PINK MINI TAPE MEASURE 
72023F;RED ORGANIC CANDLE IN GLASS
21734;SMALL MARAKESH LANTERN ON STICK
84932C;SMALL ORIENTAL BLUE FOLDING STOOL
21097;SET/6 GREEN SPRING  PAPER PLATE
20887;BOX OF 6 PEBBLE CANDLES
37494a;FAIRY CAKE CERAMIC BUTTER DISH
85217;ASSORTED ICE CREAM FRIDGE MAGNETS
21322;GLASS SPHERE CANDLE STAND LARGE 
21708;FOLDING UMBRELLA  CREAM/MULTI  SPOT
21310;CAPIZ CHANDELIER
90039A;FIRE POLISHED GLASS BRACELET RED
84575B;BROWN DOG CANNISTER W BONE
17013F;ORIGAMI SANDLEWOOD INCENSE IN TUBE
35999;S/6 SCANDINAVIAN HEART T-LIGHT
84909A;PINK PAISLEY QUILT 
72799D;BLUE PILLAR CANDLE SILVER FLOCK
84469;ROSE DES PADDED FLOOR CUSHION
21036;SET/2 TEA TOWELS MODERN VINTAGE
84619;BLUE GINGHAM ROSE QUILT 
84933C;LARGE BLUE ORIENTAL FOLDING STOOL
84306;S/3 PINK SQUARE PLANTERS ROSES
72772;SET/4 SCENTED CANDLES IN RAMEKINS
22631;CIRCUS PARADE LUNCHBOX 
48195;DOOR MAT GREEN PAISLEY 
21490;SET OF THREE 50'S GIFT WRAPS 
21796;SET OF 3 RED STRIPE BASKETS
16256B;FLOWER PENCIL/RUBBER+5 MINI PENCILS
16256C;HEARTS PENCIL/RUBBER+5 MINI PENCILS
84705F;RED PEONY PHOTO FRAME 
35915A;CREAM KNITTED HEN
84797A;PINK HAWAIIAN PICNIC HAMPER FOR 4
20776;ABSTRACT CIRCLES NOTEBOOK
37379A;PINK CHERRY BLOSSOM CUP & SAUCER
22056;CERAMIC PLATE LOVE HEART DESIGN
84912a;PINK ROSE WASHBAG
35821P;JEWELLED DECORATION,PINK
21266;VINTAGE SILVER TINSEL REEL
85184D;S/4 BLUE ROUND DECOUPAGE BOXES
84653;GREEN ROSE QUILT 
72740A;LARGE STRAWBERRY CHOCOLATE CANDLE
85124b;BLUE JUICY FRUIT PHOTO FRAME
21493;VINTAGE DESIGN GIFT TAGS
35631B;BLUE GREEN CHRISTMAS HANGING BALL 
79051a;SMOKEY GREY COLOUR D.O.F. GLASS
21706;FOLDING UMBRELLA , RED/WHITE SPOT
TEST002;This is a test product.
21561;DINOSAUR LUNCHBOX WITH CUTLERY
16243B;BROWN COZY SQUARE PHOTO ALBUM
21004;ROSE DU SUD CHILDS APRON
17178;FLAT PALM T-LIGHT HOLDER
20661;BLUE SPOTTY PURSE 
84029D;LEOPARD PRINT HOT WATER BOTTLE
85110;BLACK SILVER FLOWER T-LIGHT HOLDER
84873A;FUNKY FLOWER PICNIC BAG FOR 4
22577;WOODEN HEART CHRISTMAS SCANDISPOT
84227;HEN HOUSE W CHICK IN NEST
84856S;SMALL TAHITI BEACH BAG
85131D;BEADED CRYSTAL HEART PINK\ON STICK
84968E;S/16 VINTAGE BLACK CUTLERY
85230C;ROSE SCENTED VOTIVE CANDLE
85103; SILVER T-LIGHT SETTING
84886;BLUE METAL WALL SHELF
72484;ROSES IN WHITE HEART CANDLE 
17084G;MOON INCENSE
22347;PIZZA DISH SLICE 
82076;BEECH WOOD PHOTO FRAME 
22191;EAU DE NIL DINER WALL CLOCK
84858B;BLUE RIVIERA HANDBAG
21837;CROSS STITCH ALPHABET CUSHION COVER
21153;RED SPOTTY TABLECLOTH 
84680;CLASSICAL ROSE URN
84458;S/3 RABBIT FLOWER/EGG/CARROT ROPE
84968B;SET OF 16 VINTAGE IVORY CUTLERY
21535;RETRO SPOT SMALL MILK JUG
47569;ENGLISH ROSE DESIGN SHOPPING BAG
84984D;ORIENTAL RED C/COVER 
21157;RED SPOTTY WASHBAG
84845A;HOLLYHOCK SQUARE HANDY TIN
20804;GLASS CHICKEN BUTTER DISH
35918B;BLUE FLORIBUNDA EGG WARMER
21496;WOODLAND CREATURES  WRAP
37330;SPOTS MUG
84838;ANT WHITE HIGH RISE BIRD BOX
22343;PARTY PIZZA DISH RED+WHITE SPOT 
72800D;S/4 BLUE DINNER CANDLE SILVER FLOCK
46138D;GREEN CHENILLE SHAGGY C/COVER
20814;SILVER FINCH DECORATION
20888;SET 3 JARDIN DE FEMME SCENT CANDLES
17129F;DEEP BLUE GLASS GEMS IN BAG
47503E;ASS FLORAL PRINT SCISSORS
21252;SET OF MEADOW  FLOWER STICKERS
85014D;PINK/BROWN DOTS RUFFLED UMBRELLA
21549;CERAMIC BIRDHOUSE RED ROOF SMALL
84762C;GREEN PICNIC BARBECUE BUCKET
21304;ARCHED GREY MIRROR
47591D;PINK FAIRY CAKE CHILD'S APRON
16244A;MAXWELL 2 TONE PINK 60 PAGE PHOTO A
22197;POPCORN HOLDER , SMALL 
84705D;CHERRY BLOSSOM PHOTO FRAME 
79320;FLAMINGO LIGHTS
84864A;PINK PAISLEY PHOTO ALBUM
20870;OPULENT VELVET CANDLE IN BOX
84705b;FAIRY CAKES PHOTO FRAME
BANK CHARGES; Bank Charges
90068;"RUBY GLASS NECKLACE 42"""
21392;RED SPOTTY PUDDING BOWL
21740;COSY SLIPPER SHOES LARGE RED
22578;WOODEN STAR CHRISTMAS SCANDISPOT
84937;KASHMIR FOLKART TUMBLERS
84741C;CITRUS GARLAND FELT FLOWERS 
35809B;ENAMEL BLUE RIM TEA CONTAINER
85099c;JUMBO  BAG BAROQUE BLACK WHITE
84968e;S/16 VINTAGE BLACK CUTLERY
85168A;WHITE BAROQUE CARRIAGE CLOCK
78056;CAMOUFLAGE BACKPACK ON WHEELS
21728;METAL MEDINA LANTERN 
22453;MEASURING TAPE RUSSIAN DOLL BLUE
48129;DOOR MAT TOPIARY
84796b;BLUE SAVANNAH PICNIC HAMPER FOR 2
84720;DOT MATRIX CANVAS ART PICTURE
81952B;ROUND BLUE CLOCK W/SUCKER
84690;S/2 BEACH HUT STOOLS
90181C;BLACK GLASS/SHELL/PEARL NECKLACE
62097A;PINK STRIPES SHOULDER BAG
22253;6 CROCHET STRAWBERRIES
18097B;BLUE TALL PORCELAIN T-LIGHT HOLDER
37345;ASSTD HEARTS DESIGN MUGS
21480;PINK STRIPE HOT WATER BOTTLE
85225;BLING KEY RING STAND
37481;CUBIC MUG TEATIME CAKES
79413;GLASS WINE GLASS DECORATIONS
37508;NEW ENGLAND CERAMIC CAKE SERVER
21760;FRENCH STYLE WALL DRESSER
22587;FELTCRAFT HAIRBAND, S/2, RED/BLUE
21399;BLUE  SPOTTY  COFFEE MUG
21853;GUMBALL CUSTOM CARS TOP TRUMPS GAME
PADS;PADS TO MATCH ALL CUSHIONS
21554;CERAMIC BIRDHOUSE RED ROOF LARGE
20899;VINTAGE NOTEBOOK RED ROSE
37491B;BLUE/YELLOW CERAMIC CANDLE HOLDER
90139;FLOWER BROOCH 4 ASSORTED COLOURS
21749;LARGE RED SPOT WINDMILL
44265;M/COLOUR POM-POM CURTAIN
85231E;STRAWBERRY SCENTED SET/9 T-LIGHTS
21397;BLUE  SPOTTY EGG CUP 
84671B;CROCHET BEAR WITH BLUE STRIPES
21493; VINTAGE DESIGN GIFT TAGS
84247J;PACK/12 RUSSIAN DOLL CARDS
20799;PINK MILKSHAKE GLASS
21779;MA CAMPAGNE MINI WOODEN CHEST
40001; WHITE BAMBOO RIBS LAMPSHADE
90037D;TINY CRYSTALS BRACELET BLACK
84288B;SET/2 BLUE  NOODLE BASKETS
85162A;SILVER RETRODISC LAMPSHADE
21246;RED SPOTTY BIG BOWL
79065A;TEATIME ROUND CAKE TINS 
21388;IVORY HANGING DECORATION  CHICKEN
37491C;GREEN/BLUE CERAMIC CANDLE HOLDER
37482P;CUBIC MUG PINK POLKA DOT
35950;FOLKART HEART CHRISTMAS DECORATIONS
84918;CREAM C/COVER W YELLOW/GREEN FLOWER
48173C;DOOR MAT BLACK FLOCK 
21843;RETRO SPOT CAKE STAND
84855;BLOKEY SILVER TOOL SET
84657;GREEN ROSE CUSHION COVER
21081;SET/20 POSIES PAPER NAPKINS
20739;*USB Office Glitter Lamp
21593;SWALLOW CIGAR BOX MATCHES 
20652;BLUE SPOTTY LUGGAGE TAG 
17011D;ORIGAMI ROSE INCENSE+FLOWER
10138;ASSORTED COLOUR JUMBO PEN
35001P;HAND OPEN SHAPE PINK
84219;BOX/12 MOTHER & CHICK IN BASKET/BOW
21284;RETRO SPOT CANDLE  SMALL
84562B;BLUE/WHITE RIBBED MELAMINE JUG
21335;LIBRARY LAMP
16202C;BEIGE PHOTO ALBUM
17109B;FLOWER FAIRY INCENSE LAVENDER
21193;WHITE HONEYCOMB PAPER FAN 
84467;ENGLISH ROSE DESIGN QUILTED THROW
21091;SET/6 WOODLAND PAPER PLATES
84450B;YELLOW RABBIT SAT EASTER
72708;SCULPTED ROUND IVORY CANDLE 
85160b;BLACK BIRD GARDEN DESIGN MUG
22365;DOOR MAT RESPECTABLE HOUSE
20693;FLORAL DINOSAUR GREEN
72800C;S/4 PINK DINNER CANDLE SILVER FLOCK
20991;JAZZ HEARTS MAGNETIC MEMO PAD
21687;SILVER PLATE CANDLE BOWL LARGE
35921;EASTER BUNNY HANGING GARLAND
85232b;SET/3 RUSSIAN DOLL STACKING TINS
84601A;NEW BAROQUE IVORY CUSHION COVER 
21119;Glow In The Dark Shot Glasses 
22448;PIN CUSHION RUSSIAN DOLL RED
84814A;HEXAGONAL CRYSTAL PERFUME BOTTLE
84753A;PINK EAU DE COLOGNE BOTTLE
85221;ASSORTED COLOUR SILK COIN PURSE
48179;DOOR MAT SWEET HOME
84255A;PINK GLASS COCKTAIL LAMP
72755D;FLOWER FAIRY OIL BURNER SET SUMMER
22200;FRYING PAN PINK RETROSPOT
84770;ROUND GEORGIAN SILVER MIRROR
85190;PINK FLOWER HANGING HEART 
44241C;BLUE BUTTERFLY ON SPRING
22511;DOORSTOP RUSSIAN DOLL RETROSPOT
79303B;BLUE STAR BLOCK TABLE LAMP
47504J;ENGLISH ROSE SET/3 GARDEN TOOLS
20752;RETRO BLUE SPOTTY WASHING UP GLOVES
84951A;S/4 PISTACHIO LOVEBIRD COASTERS
20812;EMBOSSED FLOWER TRELLIS PHOTO FRAME
DCGS0068;DOGS NIGHT COLLAR
21384;IVORY HANGING DECORATION  BUTTERFLY
21393;BLUE  SPOTTY PUDDING BOWL
47591C;BLUE FAIRY CAKE CHILD'S APRON
84625B;BLCK NEW BAROQUE CANDLESTICK CANDLE
20890;SMALL GLASS ROSE SCENTED CANDLE
84925C;FAIRY CAKES  WALL THERMOMETER
10109;BENDY COLOUR PENCILS
DCGS0041;HAYNES MINI-COOPER PLAYING CARDS
17164D;ASS COL SMALL SAND FROG P'WEIGHT
82553;POP'S GREASY SPOON METAL SIGN
72754D;F FAIRY POTPOURRI CUSHIONS SUMMER
22366;DOOR MAT AIRMAIL 
21276;TWO EMBOSSED HEART MINI DRAWERS
72801e;S/4 FESTIVE GREEN DINNER CANDLES
17027A;INCENSE BAZAAR CANNABIS
21077;SET/20 WOODLAND PAPER NAPKINS 
20689;RETRO SISTERS EXPRESSO CUPS
79029;GLASS HONEYPOT WASP CATCHER
21185; HOME SWEET HOME  BLACKBOARD
35096A;BLUE VICTORIAN FABRIC HEART BOX
16245A;PINK MINI STATIONERY SET W CASE
22451;SILK PURSE RUSSIAN DOLL RED
47504F;ENGLISH ROSE TORCH
84535A;ENGLISH ROSE NOTEBOOK A6 SIZE
84205C;HAPPY BIRTHDAY GINGER CAT CARD
16161U;WRAP,SUKI AND FRIENDS
84255B;ORANGE COCKTAIL GLASS LAMP
84371;BIG PINK POODLE
21844;RETRO SPOT MUG
84902;PINK KNITTED COW STUFFED TOY
18096c;WHITE ROUND PORCELAIN TLIGHT HOLDER
21290;LARGE SPOTTY CHOCOLATE GIFT BAG
21560;TOADSTOOL  LUNCHBOX WITH CUTLERY
85166A;WHITE METAL BAROQUE PHOTO FRAME
84537B;FAIRY CAKES GIFT BAG
22122;SET OF 2 FANCY FONT TEA TOWELS
15058A;BLUE WHITE SPOTS GARDEN PARASOL
48111;DOOR MAT 3 SMILEY CATS
21767;FRENCH STYLE WIRE DOOR CABINET 
84520b;PACK 20 ENGLISH ROSE PAPER NAPKINS
84450A;PINK RABBIT SITTING EASTER
35815B;ACRYLIC JEWEL SNOWFLAKE,BLUE
84706A;ENGLISH ROSE TABLE CLOCK
21923;RED/CREAM STRIPE FRINGE HAMMOCK
15059A;ENGLISH ROSE EDWARDIAN PARASOL
22201;FRYING PAN BLUE POLKADOT 
21815; STAR  T-LIGHT HOLDER 
72724;SET/6 CHRISTMAS ICICLE T-LIGHTS
84926C;FAIRY CAKES TILE COASTER
85040b;SET/4 BLUE FLOWER CANDLES IN BOWL
84676;BATH DUCK WATERING CAN
37438;FUNKY FLOWER COFFEE POT
84627;CANDY STRIPE ROSE C/COVER 
72801C;S/4 ROSE PINK DINNER CANDLES
22290;STANDING METAL RABBIT WITH EGG
23066;SMALL JEWELLERY STAND
81952B;ROUND BLUE CLOCK WITH SUCKER
23079; TOADSTOOL BEDSIDE LIGHT 
71143;ANTIQUE SILVER BOOK MARK WITH BEADS
23044;PAPER LANTERN 9 POINT HOLLY STAR 23
23031;DOORKNOB CRACKED GLAZE PINK
23231;WRAP DOILEY DESIGN
82613a;METAL SIGN,CUPCAKE SINGLE HOOK
23107;WHITE WIRE PLANT POT HOLDER
23068;ALUMINIUM HEART
23298;BUNTING , SPOTTY 
23145;ZINC T-LIGHT HOLDER STARS LARGE
85231g;ORANGE SCENTED SET/9 T-LIGHTS
84387A;BIRD ON BRANCH CANVAS SCREEN
23081;GREEN METAL BOX TOP SECRET
23197;VEGETABLE MAGNETIC  SHOPPING LIST
23126;DOLLCRAFT GIRL AMELIE
23035;DOORKNOB CERAMIC IVORY
79030G;TUMBLER NEW ENGLAND
23045;PAPER LANTERN 5 POINT STAR MOON 30
23168;CLASSIC SUGAR DISPENSER
81950B;FLOWER BLUE CLOCK WITH SUCKER
23191;BUNDLE OF 3 RETRO EXERCISE BOOKS
79062D;RETRO TIN ASHTRAY,REVOLUTIONARY
23545;WRAP RED DOILEY
23028;DOORKNOB CRACKED GLAZE BLUE
23057;GEMSTONE CHANDELIER T-LIGHT HOLDER
23043;PAPER LANTERN 9 POINT HOLLY STAR 40
23131;MISELTOE HEART WREATH CREAM
23282;FOLDING MIRROR IVORY 
23106;ZINC PLANT POT HOLDER
90141D;ROSE PENDANT TRIPLE SHELL NECKLACE
23281;FOLDING MIRROR RED  
23205;CHARLOTTE BAG ALPHABET  DESIGN
23244;CANNISTER VINTAGE LEAF DESIGN
22999;TRAVEL CARD WALLET RETRO PETALS
23029;DOORKNOB CRACKED GLAZE GREEN
23061;VINTAGE ENGRAVED HEART
37488A;YELLOW PINK FLOWER DESIGN BIG BOWL
23292;SPACE BOY CHILDRENS CUP
23196;LEAVES MAGNETIC  SHOPPING LIST
84509g;SET OF 4 FAIRY CAKE PLACEMATS 
23003;TRAVEL CARD WALLET VINTAGE ROSE 
23032;DOORKNOB CRACKED GLAZE IVORY
22967;SET 3 SONG BIRD PAPER EGGS ASSORTED
23086;ZINC STAR T-LIGHT HOLDER 
85036a;GARDENIA 1 WICK MORRIS BOXED CANDLE
23127;DOLLCRAFT GIRL NICOLE
16151A;FLOWERS HANDBAG blue and orange
23169;CLASSIC GLASS SWEET JAR
85132c;CHARLIE AND LOLA FIGURES TINS
23251;ENAMEL MUG PANTRY
84857B;BLUE MONTE CARLO HANDBAG
22502;PICNIC BASKET WICKER 60 PIECES
81953B;ROUND BLUE CLOCK WITH SUCKER
85049d;BRIGHT BLUES RIBBONS 
23196;RETRO LEAVES MAGNETIC NOTEPAD
23299;FOOD COVER WITH BEADS , SET 2 SIZES
23047;PAPER LANTERN 5 POINT STUDDED STAR
22351;DOTCOMGIFTSHOP TEA TOWEL
23214;BELL HEART ANTIQUE GOLD
23232;WRAP VINTAGE PETALS  DESIGN
23128;DOLLCRAFT BOY JEAN-PAUL 
84596l;BISCUITS SMALL BOWL LIGHT BLUE
23126;DOLLCRAFT GIRL AMELIE KIT
81950V;FLOWER PURPLE CLOCK WITH SUCKER
23056;CRYSTAL CHANDELIER T-LIGHT HOLDER
85144;JARDIN ETCHED GLASS CHEESE DISH
23271;CHRISTMAS TABLE CANDLE SILVER SPIKE
23283;DOORMAT VINTAGE LEAVES DESIGN 
84906;PINK BUTTERFLY CUSHION COVER
23104;IVORY PANTRY HANGING LAMP 
23235;BISCUIT TIN VINTAGE LEAF
23253;16 PC CUTLERY SET PANTRY DESIGN
84731;3 BIRDS CANVAS SCREEN
23148;MINITURE ANTIQUE ROSE HOOK IVORY
23065;LARGE JEWELLERY STAND
ADJUST;Adjustment by Peter on 24/05/2010 1
22418;PEN, 10 COLOURS - SPACEBOY
22535;MAGIC SLATE BUNNIES AT HOME 
22410;TIN CAN HOUSEKEEPING DESIGN
16151A;FLOWER DES BLUE HANDBAG/ORANG HANDL
85124c;GREEN JUICY FRUIT PHOTO FRAME
84857A;SILVER MONTE CARLO HANDBAG
90152C;BLUE/NAT SHELL NECKLACE W PENDANT
22588;CARDHOLDER GINGHAM HEART
23236;STORAGE TIN VINTAGE DOILEY 
47503J ;SET/3 FLORAL GARDEN TOOLS IN BAG
47594a;CAROUSEL DESIGN WASHBAG
84985b;SET OF 72 BLACK PAPER DOILIES 
46037A;PINK CANVAS DES CUSHION COVER 
82072;WHITE WOOD SINGLE P/FRAME
90189B;GOLD 2 STRAND NECKLACE-LEAF CHARMS
84968a;S/16 VINTAGE ROSE CUTLERY
22016;Dotcomgiftshop Gift Voucher £100.00
17011B;ORIGAMI JASMINE INCENSE+FLOWER 
22531;MAGIC SLATE CIRCUS PARADE  
47591C;BLUE FAIRY CAKE CHILDRENS APRON
84201C;HAPPY BIRTHDAY CARD TEDDY/CAKE
84366;VENDETTA CANVAS PICTURE
16169A;WRAP CHRISTMAS DECOUPAGE
23203;JUMBO BAG VINTAGE DOILEY 
85184d;S/4 BLUE ROUND DECOUPAGE BOXES
84962;SET/3 COLOUR PAINTED KASHMIRI STOOL
23231;WRAP  VINTAGE DOILEY 
35817P;PINK ACRYLIC JEWEL SNOWFLAKE
B;Adjust bad debt
22533;MAGIC SLATE BAKE A CAKE 
23209;LUNCH BAG VINTAGE DOILEY 
47593a;CAROUSEL DESIGN BABY BIB
85232a;SET/3 POLKA DOT STACKING TINS
22474;TRAY FOR TV DINNER ,SPACEBOY
22472;TRAY FOR TV DINNER , DOLLY GIRL
48103;DOORMAT KISS MY.......
84968b;S/16 VINTAGE IVORY CUTLERY
85050;FRENCH ENAMEL SOAP DISH WITH LID
48197;DOORMAT BIRD ON THE WIRE
22719;GUMBALL COATHOOK., BLACK & WHITE 
22532;MAGIC SLATE LEAP FROG 
35823P;ACRYLIC BEAD GARLAND,PINK
21511;VINTAGE COLLAGE  GREETING  CARD 
45014;FOLDING SHIRT TIDY
84867a;PINK BABY GIRLS PHOTO ALBUM
84509e;SET OF 4 CAROUSEL PLACEMATS 
47591A;CAROUSEL CHILDRENS APRON
23240;SET OF 4 KNICK KNACK TINS  DOILEY 
20891;LARGE GLASS ROSE SCENTED CANDLE 
84760L;LARGE HANGING GLASS+ZINC LANTERN
22406;TIN CAN KINGS CHOICE DESIGN
47590a;BLUE HAPPY BIRTHDAY BUNTING
47592B;SCOTTIE DOGS CHILDRENS OVERALL
48195;DOORMAT GREEN PAISLEY 
22529;MAGIC SLATE GO TO THE FAIR 
22408;TIN CAN CONFECTIONERY DESIGN
DCGS0075;CAMOUFLAGUE DOG LEAD
84206B;CAT W SUNGLASSES BLANK CARD
85232C;RUSSIAN FOLKART STACKING TINS
90082C;DIAMANTE BOW BROOCH WHITE COLOUR
84867b;BLUE BABY BOY'S PHOTO ALBUM
21008;ETCHED GLASS HEART TREE DECORATION
20822;SILVER WINE GOBLET
72740B;LARGE WHITE CHOCOLATE CANDLE
48173A;DOOR MAT BLUE FLOCK
22324;BAG FOR CHILDREN VINTAGE BLUE 
20715;LITTLE FLOWER SHOPPER BAG
84984B;RED PEONY DES C/COVER 
79303A;WHITE ROHMBIC BLOCK TABLE LAMP
21585;SWALLOW SMALL TUBE MATCHES
85039b;S/4 IVORY MINI ROSE CANDLE IN BOWL
37451;CERAMIC CAKE TEAPOT WITH CHERRY
22326;ROUND SNACK BOXES ,SET4, WOODLAND 
47567;ENGLISH ROSE DESIGN KITCHEN APRON
85157;SET OF 2 CHESTS CHOCOLAT AU LAIT
ADJUST;Adjustment by john on 26/01/2010 16
84464;S/60 PINK FLUFFY CHICKS IN BOX
84311;CAMOFLAGE CUSHION COVER
35822P;ACRYLIC BEAD CHAIN, PINK
35822B;ACRYLIC BEAD CHAIN, BLUE
21772;VINTAGE METAL CAKE STAND CREAM 
72796C;S/3 ROSE GARDEN SCENT SQU CANDLE
84868A;PINK BABY GIRL'S MEMORY BOX
22323;BAG FOR CHILDREN VINTAGE PINK 
47583A;SET OF 3 WICKER BASKET ROSE
22193;RED WALL CLOCK
22329;ROUND FOOD CONTAINER S/5 RETROSPOT
22176;BLUE OWL DECORATION
79342b;BROWN FLOWER LIGHTS
84510b;SET OF 4 FAIRY CAKES COASTERS 
20791;BLUE TILED SET OF 3 DRAWERS
21409;SPOTTY COCKEREL DOORSTOP
ADJUST;Adjustment by john on 26/01/2010 17
84567;FROSTED GLASS WITH SILVER SURROUND
72751C;F.FAIRY S/3 SML CANDLE, ROSE
22328;ROUND SNACK BOXES ,SET 4, FRUITS 
22191;IVORY WALL CLOCK
22196;HEART MEASURING SPOONS SMALL
44217M;MULTICOLOUR FEATHERS CURTAIN
16044;POP-ART FLUORESCENT PENS
84030b;KNITTED POM POM HOT WATER BOTTLE
85219;S/4 HEART CRYSTAL FRIDGE MAGNETS
72801e;4 FESTIVE GREEN DINNER CANDLES
84509E;CAROUSEL PLACEMATS 
22384;LUNCHBAG PINK RETROSPOT
20779;PINK EAR MUFF HEADPHONES
21346;LARGE SILVER BALUSTRADE CANDLESTICK
82011E;BATHROOM SCALES, FAG BREAK
84798C;WHITE FOXGLOVE ARTIIFCIAL FLOWER
84984A;GREEN PEONY DES C/COVER
17028J;INCENSE BAZAAR PEACH
84997d;PINK 3 PIECE MINI DOTS CUTLERY SET
22175;PINK OWL DECORATION
85192S;HANGING SPRING FLOWER HEART SMALL
84630;FLOWERS AND BIRDS WALL PLAQUE
21857;STAR WARS TOP TRUMPS GAME
84614C;BLUE BAROQUE FLOCK CANDLE HOLDER
85123A;CREAM HANGING HEART T-LIGHT HOLDER
23843;PAPER CRAFT , LITTLE BIRDIE
37487B;YELLOW/ORANGE FLOWER DESIGN PLATE
23071;MARIE ANTOIENETT TRINKET BOX GOLD
